Job Code,Ele #,Project,,Description,,Vendor,Qty,Cost,,Design,PM,Supervisor,Fab,,PO #,Ordered,Receieved
18-104,06,123 Building,,Example Description,,Home Depot,8,394,,TRUE,FALSE,FALSE,FALSE,,156906,,
18-104,06,123 Building,,Example Description,,Global Industrial,8,500,,FALSE,FALSE,FALSE,FALSE,,161770,,
18-104,10,123 Building,,Example Description,,Global Industrial,8,111,,FALSE,FALSE,FALSE,FALSE,,501889,,
19-109,05,789 Building,,Example Description,,Wal-Mart,2,472,,TRUE,TRUE,FALSE,FALSE,,951175,,
19-104,02,XYZ Building,,Example Description,,Home Depot,8,252,,FALSE,FALSE,FALSE,FALSE,,817525,,
18-104,06,123 Building,,Example Description,,Amazon,1,435,,TRUE,FALSE,FALSE,FALSE,,757861,,
18-104,13,123 Building,,Example Description,,Global Industrial,2,462,,TRUE,TRUE,TRUE,TRUE,,147744,,
18-222,14,ABC Building,,Example Description,,Wal-Mart,8,399,,TRUE,TRUE,FALSE,FALSE,,868479,,
19-218,03,456 Building,,Example Description,,Amazon,8,222,,FALSE,FALSE,FALSE,FALSE,,195182,,
18-104,10,123 Building,,Example Description,,Wal-Mart,5,366,,FALSE,FALSE,FALSE,FALSE,,261441,,
18-222,14,ABC Building,,Example Description,,Home Depot,10,141,,TRUE,TRUE,FALSE,FALSE,,250983,,
19-109,09,789 Building,,Example Description,,Amazon,8,399,,FALSE,FALSE,FALSE,FALSE,,381581,,
18-104,05,123 Building,,Example Description,,Home Depot,8,65,,FALSE,FALSE,FALSE,FALSE,,942042,,
19-109,13,789 Building,,Example Description,,McMaster-Carr,2,165,,TRUE,FALSE,FALSE,FALSE,,694981,,
19-218,08,456 Building,,Example Description,,Amazon,6,63,,TRUE,TRUE,FALSE,FALSE,,332029,,
18-222,08,ABC Building,,Example Description,,Home Depot,5,235,,FALSE,FALSE,FALSE,FALSE,,503423,,
19-109,12,789 Building,,Example Description,,Wal-Mart,8,288,,TRUE,TRUE,TRUE,TRUE,,874719,,
19-104,04,XYZ Building,,Example Description,,Home Depot,4,153,,TRUE,TRUE,TRUE,TRUE,,214101,,
18-222,02,ABC Building,,Example Description,,Global Industrial,7,378,,FALSE,FALSE,FALSE,FALSE,,733721,,
18-222,08,ABC Building,,Example Description,,McMaster-Carr,8,198,,FALSE,FALSE,FALSE,FALSE,,726506,,
19-104,01,XYZ Building,,Example Description,,Global Industrial,9,390,,TRUE,TRUE,TRUE,TRUE,,337365,,
19-104,04,XYZ Building,,Example Description,,McMaster-Carr,1,361,,FALSE,FALSE,FALSE,FALSE,,801681,,
18-104,03,123 Building,,Example Description,,Amazon,1,397,,TRUE,FALSE,FALSE,FALSE,,475065,,
18-104,04,123 Building,,Example Description,,Wal-Mart,6,271,,TRUE,TRUE,TRUE,TRUE,,331345,,
19-109,09,789 Building,,Example Description,,Global Industrial,4,446,,TRUE,FALSE,FALSE,FALSE,,964279,,
19-218,07,456 Building,,Example Description,,Wal-Mart,4,253,,TRUE,TRUE,TRUE,TRUE,,562688,,
19-218,07,456 Building,,Example Description,,McMaster-Carr,2,402,,FALSE,FALSE,FALSE,FALSE,,474683,,
19-109,15,789 Building,,Example Description,,McMaster-Carr,9,332,,TRUE,TRUE,FALSE,FALSE,,587552,,
18-104,13,123 Building,,Example Description,,Wal-Mart,3,66,,FALSE,FALSE,FALSE,FALSE,,162806,,
19-104,10,XYZ Building,,Example Description,,Home Depot,4,243,,TRUE,TRUE,TRUE,FALSE,,148188,,
18-222,14,ABC Building,,Example Description,,Global Industrial,7,155,,TRUE,FALSE,FALSE,FALSE,,590152,,
19-218,02,456 Building,,Example Description,,Global Industrial,7,386,,TRUE,FALSE,FALSE,FALSE,,990998,,
19-104,07,XYZ Building,,Example Description,,Wal-Mart,5,463,,TRUE,TRUE,FALSE,FALSE,,228445,,
19-104,04,XYZ Building,,Example Description,,McMaster-Carr,7,212,,TRUE,TRUE,FALSE,FALSE,,462855,,
18-104,13,123 Building,,Example Description,,Wal-Mart,3,376,,FALSE,FALSE,FALSE,FALSE,,968934,,
18-222,02,ABC Building,,Example Description,,Wal-Mart,6,178,,TRUE,FALSE,FALSE,FALSE,,542539,,
19-109,10,789 Building,,Example Description,,McMaster-Carr,7,208,,FALSE,FALSE,FALSE,FALSE,,734118,,
19-218,02,456 Building,,Example Description,,Amazon,9,117,,TRUE,TRUE,FALSE,FALSE,,241735,,
19-218,05,456 Building,,Example Description,,Home Depot,7,264,,TRUE,TRUE,TRUE,TRUE,,728276,,
19-109,09,789 Building,,Example Description,,McMaster-Carr,4,370,,TRUE,TRUE,FALSE,FALSE,,741258,,
19-218,12,456 Building,,Example Description,,McMaster-Carr,6,16,,TRUE,TRUE,TRUE,FALSE,,148933,,
19-104,02,XYZ Building,,Example Description,,Amazon,1,261,,FALSE,FALSE,FALSE,FALSE,,874536,,
18-104,05,123 Building,,Example Description,,McMaster-Carr,4,383,,TRUE,TRUE,FALSE,FALSE,,197621,,
18-222,04,ABC Building,,Example Description,,Home Depot,3,42,,FALSE,FALSE,FALSE,FALSE,,438325,,
19-104,07,XYZ Building,,Example Description,,Home Depot,5,404,,TRUE,TRUE,TRUE,TRUE,,205118,,
19-109,13,789 Building,,Example Description,,Global Industrial,10,444,,FALSE,FALSE,FALSE,FALSE,,898273,,
19-109,11,789 Building,,Example Description,,Home Depot,1,479,,TRUE,TRUE,TRUE,FALSE,,867647,,
19-109,02,789 Building,,Example Description,,Home Depot,5,499,,FALSE,FALSE,FALSE,FALSE,,642857,,
19-109,09,789 Building,,Example Description,,Wal-Mart,2,187,,TRUE,FALSE,FALSE,FALSE,,789631,,
19-218,01,456 Building,,Example Description,,Wal-Mart,6,72,,TRUE,FALSE,FALSE,FALSE,,982724,,
19-104,05,XYZ Building,,Example Description,,McMaster-Carr,2,359,,FALSE,FALSE,FALSE,FALSE,,683989,,
18-104,01,123 Building,,Example Description,,Amazon,6,353,,TRUE,TRUE,FALSE,FALSE,,233146,,
19-109,09,789 Building,,Example Description,,Home Depot,3,118,,FALSE,FALSE,FALSE,FALSE,,311440,,
19-104,10,XYZ Building,,Example Description,,Home Depot,2,111,,FALSE,FALSE,FALSE,FALSE,,664582,,
18-104,13,123 Building,,Example Description,,Home Depot,8,408,,TRUE,FALSE,FALSE,FALSE,,512059,,
19-109,11,789 Building,,Example Description,,Wal-Mart,5,306,,TRUE,FALSE,FALSE,FALSE,,860826,,
19-109,01,789 Building,,Example Description,,McMaster-Carr,5,154,,FALSE,FALSE,FALSE,FALSE,,142142,,
19-218,14,456 Building,,Example Description,,Amazon,5,430,,TRUE,FALSE,FALSE,FALSE,,767621,,
19-218,10,456 Building,,Example Description,,Home Depot,1,488,,TRUE,FALSE,FALSE,FALSE,,259959,,
19-109,05,789 Building,,Example Description,,McMaster-Carr,9,364,,TRUE,TRUE,TRUE,TRUE,,919753,,
18-104,15,123 Building,,Example Description,,McMaster-Carr,5,67,,FALSE,FALSE,FALSE,FALSE,,735427,,
18-104,02,123 Building,,Example Description,,Amazon,9,145,,TRUE,TRUE,FALSE,FALSE,,599818,,
19-104,13,XYZ Building,,Example Description,,Global Industrial,10,19,,TRUE,TRUE,TRUE,FALSE,,945996,,
19-109,13,789 Building,,Example Description,,Home Depot,5,369,,FALSE,FALSE,FALSE,FALSE,,730012,,
19-109,06,789 Building,,Example Description,,Wal-Mart,4,119,,FALSE,FALSE,FALSE,FALSE,,733125,,
18-104,09,123 Building,,Example Description,,Wal-Mart,4,403,,TRUE,TRUE,TRUE,FALSE,,644277,,
19-109,05,789 Building,,Example Description,,McMaster-Carr,9,104,,TRUE,FALSE,FALSE,FALSE,,602287,,
19-218,10,456 Building,,Example Description,,McMaster-Carr,5,206,,TRUE,TRUE,FALSE,FALSE,,505014,,
18-104,12,123 Building,,Example Description,,Amazon,4,399,,TRUE,TRUE,TRUE,TRUE,,317873,,
18-104,10,123 Building,,Example Description,,McMaster-Carr,3,107,,TRUE,FALSE,FALSE,FALSE,,669954,,
19-104,02,XYZ Building,,Example Description,,Home Depot,7,170,,TRUE,TRUE,TRUE,TRUE,,872160,,
19-104,09,XYZ Building,,Example Description,,Global Industrial,3,258,,FALSE,FALSE,FALSE,FALSE,,337147,,
18-104,03,123 Building,,Example Description,,Amazon,8,11,,TRUE,FALSE,FALSE,FALSE,,941302,,
19-109,13,789 Building,,Example Description,,McMaster-Carr,2,355,,FALSE,FALSE,FALSE,FALSE,,869651,,
18-104,01,123 Building,,Example Description,,McMaster-Carr,1,154,,FALSE,FALSE,FALSE,FALSE,,375116,,
18-222,15,ABC Building,,Example Description,,McMaster-Carr,10,37,,TRUE,TRUE,FALSE,FALSE,,688368,,
19-104,06,XYZ Building,,Example Description,,Home Depot,8,27,,FALSE,FALSE,FALSE,FALSE,,453408,,
18-222,15,ABC Building,,Example Description,,Amazon,6,39,,FALSE,FALSE,FALSE,FALSE,,453039,,
18-222,06,ABC Building,,Example Description,,Wal-Mart,10,417,,FALSE,FALSE,FALSE,FALSE,,379357,,
18-104,06,123 Building,,Example Description,,Amazon,7,147,,TRUE,TRUE,TRUE,FALSE,,706263,,
18-222,13,ABC Building,,Example Description,,Home Depot,1,306,,TRUE,FALSE,FALSE,FALSE,,249866,,
18-104,10,123 Building,,Example Description,,Wal-Mart,5,176,,FALSE,FALSE,FALSE,FALSE,,970551,,
18-104,05,123 Building,,Example Description,,McMaster-Carr,8,111,,FALSE,FALSE,FALSE,FALSE,,482391,,
19-218,06,456 Building,,Example Description,,Global Industrial,8,386,,FALSE,FALSE,FALSE,FALSE,,992578,,
19-104,09,XYZ Building,,Example Description,,Amazon,6,80,,FALSE,FALSE,FALSE,FALSE,,895227,,
18-222,06,ABC Building,,Example Description,,Home Depot,2,342,,FALSE,FALSE,FALSE,FALSE,,964315,,
19-109,12,789 Building,,Example Description,,Wal-Mart,10,306,,TRUE,TRUE,FALSE,FALSE,,855313,,
18-222,07,ABC Building,,Example Description,,Home Depot,1,472,,TRUE,TRUE,FALSE,FALSE,,785384,,
18-104,13,123 Building,,Example Description,,Global Industrial,1,177,,TRUE,TRUE,TRUE,TRUE,,771066,,
19-218,09,456 Building,,Example Description,,Global Industrial,6,413,,FALSE,FALSE,FALSE,FALSE,,557056,,
19-104,10,XYZ Building,,Example Description,,Amazon,7,62,,FALSE,FALSE,FALSE,FALSE,,266943,,
19-109,11,789 Building,,Example Description,,Global Industrial,2,109,,TRUE,FALSE,FALSE,FALSE,,878053,,
19-104,09,XYZ Building,,Example Description,,Amazon,2,355,,FALSE,FALSE,FALSE,FALSE,,639299,,
18-104,07,123 Building,,Example Description,,Home Depot,4,440,,FALSE,FALSE,FALSE,FALSE,,187966,,
19-104,02,XYZ Building,,Example Description,,Home Depot,2,155,,TRUE,FALSE,FALSE,FALSE,,236781,,
18-104,02,123 Building,,Example Description,,Amazon,6,13,,TRUE,TRUE,FALSE,FALSE,,321286,,
19-218,09,456 Building,,Example Description,,Amazon,1,46,,FALSE,FALSE,FALSE,FALSE,,935358,,
19-218,14,456 Building,,Example Description,,Amazon,9,304,,FALSE,FALSE,FALSE,FALSE,,441540,,
18-222,08,ABC Building,,Example Description,,Amazon,10,90,,FALSE,FALSE,FALSE,FALSE,,159716,,
19-109,07,789 Building,,Example Description,,Home Depot,4,261,,TRUE,TRUE,FALSE,FALSE,,371980,,
19-109,08,789 Building,,Example Description,,Global Industrial,8,331,,FALSE,FALSE,FALSE,FALSE,,780423,,
19-104,14,XYZ Building,,Example Description,,Home Depot,2,141,,FALSE,FALSE,FALSE,FALSE,,902343,,
18-104,12,123 Building,,Example Description,,Global Industrial,2,421,,TRUE,TRUE,TRUE,TRUE,,989306,,
19-218,01,456 Building,,Example Description,,Amazon,5,295,,TRUE,TRUE,TRUE,FALSE,,153591,,
18-222,06,ABC Building,,Example Description,,Amazon,2,58,,FALSE,FALSE,FALSE,FALSE,,570783,,
18-222,05,ABC Building,,Example Description,,Wal-Mart,9,164,,FALSE,FALSE,FALSE,FALSE,,539000,,
18-222,11,ABC Building,,Example Description,,Global Industrial,1,34,,FALSE,FALSE,FALSE,FALSE,,727048,,
19-109,06,789 Building,,Example Description,,Global Industrial,1,212,,FALSE,FALSE,FALSE,FALSE,,632403,,
18-222,09,ABC Building,,Example Description,,Amazon,9,246,,FALSE,FALSE,FALSE,FALSE,,232482,,
19-104,08,XYZ Building,,Example Description,,McMaster-Carr,5,382,,FALSE,FALSE,FALSE,FALSE,,718770,,
18-104,04,123 Building,,Example Description,,Amazon,9,331,,FALSE,FALSE,FALSE,FALSE,,431228,,
18-222,13,ABC Building,,Example Description,,Global Industrial,1,233,,TRUE,TRUE,TRUE,FALSE,,570535,,
19-104,04,XYZ Building,,Example Description,,Global Industrial,4,340,,TRUE,FALSE,FALSE,FALSE,,376078,,
19-104,03,XYZ Building,,Example Description,,Home Depot,5,422,,FALSE,FALSE,FALSE,FALSE,,135502,,
19-109,05,789 Building,,Example Description,,McMaster-Carr,9,382,,FALSE,FALSE,FALSE,FALSE,,730593,,
18-222,10,ABC Building,,Example Description,,Home Depot,8,465,,TRUE,FALSE,FALSE,FALSE,,756282,,
19-109,11,789 Building,,Example Description,,Home Depot,1,313,,FALSE,FALSE,FALSE,FALSE,,316378,,
19-104,02,XYZ Building,,Example Description,,Global Industrial,3,144,,FALSE,FALSE,FALSE,FALSE,,254095,,
18-222,02,ABC Building,,Example Description,,McMaster-Carr,10,500,,FALSE,FALSE,FALSE,FALSE,,794285,,
19-109,01,789 Building,,Example Description,,Wal-Mart,10,438,,FALSE,FALSE,FALSE,FALSE,,368795,,
19-218,04,456 Building,,Example Description,,Amazon,3,189,,FALSE,FALSE,FALSE,FALSE,,346522,,
19-218,05,456 Building,,Example Description,,Home Depot,9,68,,FALSE,FALSE,FALSE,FALSE,,111530,,
18-222,12,ABC Building,,Example Description,,Amazon,1,227,,TRUE,TRUE,FALSE,FALSE,,592250,,
19-109,07,789 Building,,Example Description,,McMaster-Carr,3,210,,TRUE,FALSE,FALSE,FALSE,,696114,,
18-222,14,ABC Building,,Example Description,,Wal-Mart,10,194,,TRUE,FALSE,FALSE,FALSE,,663550,,
19-218,02,456 Building,,Example Description,,Wal-Mart,5,220,,TRUE,FALSE,FALSE,FALSE,,690444,,
18-104,15,123 Building,,Example Description,,Home Depot,3,167,,TRUE,FALSE,FALSE,FALSE,,190951,,
18-104,07,123 Building,,Example Description,,Global Industrial,7,403,,FALSE,FALSE,FALSE,FALSE,,370829,,
19-109,06,789 Building,,Example Description,,McMaster-Carr,6,354,,TRUE,FALSE,FALSE,FALSE,,156006,,
19-109,07,789 Building,,Example Description,,McMaster-Carr,3,331,,FALSE,FALSE,FALSE,FALSE,,707067,,
18-222,13,ABC Building,,Example Description,,Global Industrial,6,174,,TRUE,TRUE,TRUE,TRUE,,989785,,
19-109,13,789 Building,,Example Description,,Global Industrial,3,393,,FALSE,FALSE,FALSE,FALSE,,816363,,
19-218,02,456 Building,,Example Description,,Home Depot,5,479,,FALSE,FALSE,FALSE,FALSE,,216350,,
18-104,09,123 Building,,Example Description,,Amazon,8,62,,FALSE,FALSE,FALSE,FALSE,,420098,,
18-222,03,ABC Building,,Example Description,,Global Industrial,6,397,,TRUE,FALSE,FALSE,FALSE,,547545,,
19-218,04,456 Building,,Example Description,,Amazon,4,355,,FALSE,FALSE,FALSE,FALSE,,264320,,
18-222,05,ABC Building,,Example Description,,Global Industrial,4,388,,FALSE,FALSE,FALSE,FALSE,,276568,,
18-222,05,ABC Building,,Example Description,,Wal-Mart,4,382,,FALSE,FALSE,FALSE,FALSE,,192976,,
19-218,13,456 Building,,Example Description,,Home Depot,3,483,,FALSE,FALSE,FALSE,FALSE,,753289,,
19-109,02,789 Building,,Example Description,,Home Depot,6,98,,TRUE,TRUE,TRUE,TRUE,,398733,,
19-218,15,456 Building,,Example Description,,Wal-Mart,2,213,,FALSE,FALSE,FALSE,FALSE,,439829,,
19-109,03,789 Building,,Example Description,,Amazon,5,119,,TRUE,TRUE,TRUE,TRUE,,695634,,
19-218,09,456 Building,,Example Description,,Global Industrial,9,180,,FALSE,FALSE,FALSE,FALSE,,339906,,
19-104,01,XYZ Building,,Example Description,,Wal-Mart,3,71,,FALSE,FALSE,FALSE,FALSE,,961640,,
19-218,15,456 Building,,Example Description,,Wal-Mart,4,396,,TRUE,TRUE,FALSE,FALSE,,172197,,
18-104,02,123 Building,,Example Description,,Wal-Mart,1,458,,TRUE,FALSE,FALSE,FALSE,,924375,,
19-109,06,789 Building,,Example Description,,Global Industrial,2,119,,FALSE,FALSE,FALSE,FALSE,,232607,,
19-109,04,789 Building,,Example Description,,Global Industrial,7,199,,TRUE,FALSE,FALSE,FALSE,,294191,,
18-104,09,123 Building,,Example Description,,Amazon,3,302,,FALSE,FALSE,FALSE,FALSE,,970653,,
18-222,10,ABC Building,,Example Description,,Wal-Mart,9,52,,TRUE,TRUE,FALSE,FALSE,,205466,,
18-104,06,123 Building,,Example Description,,Global Industrial,7,485,,FALSE,FALSE,FALSE,FALSE,,635117,,
18-222,15,ABC Building,,Example Description,,McMaster-Carr,6,329,,FALSE,FALSE,FALSE,FALSE,,899474,,
19-104,02,XYZ Building,,Example Description,,Global Industrial,8,381,,TRUE,FALSE,FALSE,FALSE,,792613,,
19-218,07,456 Building,,Example Description,,Global Industrial,2,429,,FALSE,FALSE,FALSE,FALSE,,140604,,
19-109,05,789 Building,,Example Description,,Wal-Mart,9,20,,FALSE,FALSE,FALSE,FALSE,,528112,,
18-104,05,123 Building,,Example Description,,McMaster-Carr,4,367,,FALSE,FALSE,FALSE,FALSE,,919664,,
18-104,06,123 Building,,Example Description,,Global Industrial,5,210,,FALSE,FALSE,FALSE,FALSE,,373274,,
19-104,01,XYZ Building,,Example Description,,Wal-Mart,5,86,,TRUE,FALSE,FALSE,FALSE,,494929,,
19-104,02,XYZ Building,,Example Description,,Home Depot,6,484,,FALSE,FALSE,FALSE,FALSE,,720520,,
19-218,14,456 Building,,Example Description,,Home Depot,8,496,,FALSE,FALSE,FALSE,FALSE,,698738,,
19-104,06,XYZ Building,,Example Description,,Wal-Mart,9,375,,TRUE,FALSE,FALSE,FALSE,,148257,,
18-104,08,123 Building,,Example Description,,Wal-Mart,8,116,,TRUE,FALSE,FALSE,FALSE,,876348,,
19-104,13,XYZ Building,,Example Description,,McMaster-Carr,1,277,,FALSE,FALSE,FALSE,FALSE,,754945,,
18-222,04,ABC Building,,Example Description,,Amazon,1,198,,FALSE,FALSE,FALSE,FALSE,,352887,,
18-104,08,123 Building,,Example Description,,Wal-Mart,7,500,,TRUE,FALSE,FALSE,FALSE,,673503,,
19-109,04,789 Building,,Example Description,,Global Industrial,3,71,,FALSE,FALSE,FALSE,FALSE,,819706,,
19-218,11,456 Building,,Example Description,,Wal-Mart,10,262,,FALSE,FALSE,FALSE,FALSE,,712384,,
18-222,15,ABC Building,,Example Description,,Home Depot,6,146,,TRUE,FALSE,FALSE,FALSE,,604937,,
18-222,02,ABC Building,,Example Description,,Home Depot,3,203,,TRUE,FALSE,FALSE,FALSE,,303306,,
19-104,03,XYZ Building,,Example Description,,Global Industrial,8,442,,FALSE,FALSE,FALSE,FALSE,,348515,,
18-104,06,123 Building,,Example Description,,Home Depot,4,193,,TRUE,FALSE,FALSE,FALSE,,177534,,
18-222,01,ABC Building,,Example Description,,Wal-Mart,3,125,,FALSE,FALSE,FALSE,FALSE,,167747,,
18-104,09,123 Building,,Example Description,,Wal-Mart,6,319,,TRUE,TRUE,FALSE,FALSE,,339611,,
19-104,15,XYZ Building,,Example Description,,Home Depot,7,300,,FALSE,FALSE,FALSE,FALSE,,351743,,
19-109,03,789 Building,,Example Description,,Amazon,7,378,,FALSE,FALSE,FALSE,FALSE,,314377,,
18-104,13,123 Building,,Example Description,,Home Depot,10,422,,TRUE,TRUE,FALSE,FALSE,,240203,,
18-222,08,ABC Building,,Example Description,,Home Depot,7,358,,TRUE,TRUE,FALSE,FALSE,,790188,,
19-109,07,789 Building,,Example Description,,Global Industrial,4,175,,FALSE,FALSE,FALSE,FALSE,,516775,,
18-222,03,ABC Building,,Example Description,,McMaster-Carr,3,500,,TRUE,TRUE,TRUE,FALSE,,717873,,
19-218,02,456 Building,,Example Description,,McMaster-Carr,4,353,,FALSE,FALSE,FALSE,FALSE,,208053,,
18-222,05,ABC Building,,Example Description,,McMaster-Carr,8,192,,TRUE,TRUE,TRUE,TRUE,,603343,,
19-104,07,XYZ Building,,Example Description,,Wal-Mart,2,395,,TRUE,TRUE,FALSE,FALSE,,991116,,
18-104,01,123 Building,,Example Description,,Amazon,4,70,,TRUE,FALSE,FALSE,FALSE,,895952,,
18-104,08,123 Building,,Example Description,,Wal-Mart,5,11,,TRUE,FALSE,FALSE,FALSE,,642723,,
18-222,02,ABC Building,,Example Description,,Global Industrial,9,120,,FALSE,FALSE,FALSE,FALSE,,782389,,
19-218,12,456 Building,,Example Description,,McMaster-Carr,9,349,,TRUE,TRUE,TRUE,TRUE,,404573,,
18-104,06,123 Building,,Example Description,,Wal-Mart,2,233,,FALSE,FALSE,FALSE,FALSE,,229909,,
18-104,14,123 Building,,Example Description,,Amazon,5,106,,FALSE,FALSE,FALSE,FALSE,,164317,,
19-109,08,789 Building,,Example Description,,McMaster-Carr,9,454,,FALSE,FALSE,FALSE,FALSE,,457617,,
19-104,06,XYZ Building,,Example Description,,Global Industrial,3,44,,FALSE,FALSE,FALSE,FALSE,,704000,,
18-104,07,123 Building,,Example Description,,Home Depot,5,423,,TRUE,FALSE,FALSE,FALSE,,505270,,
18-222,03,ABC Building,,Example Description,,Wal-Mart,1,362,,TRUE,FALSE,FALSE,FALSE,,791455,,
19-104,03,XYZ Building,,Example Description,,Wal-Mart,7,47,,TRUE,FALSE,FALSE,FALSE,,584596,,
18-104,05,123 Building,,Example Description,,Global Industrial,7,97,,TRUE,TRUE,FALSE,FALSE,,211862,,
19-218,14,456 Building,,Example Description,,Wal-Mart,8,69,,TRUE,FALSE,FALSE,FALSE,,932401,,
19-218,10,456 Building,,Example Description,,Global Industrial,4,107,,TRUE,FALSE,FALSE,FALSE,,262558,,
18-104,12,123 Building,,Example Description,,Amazon,10,16,,TRUE,FALSE,FALSE,FALSE,,334415,,
19-109,06,789 Building,,Example Description,,Amazon,2,122,,FALSE,FALSE,FALSE,FALSE,,417980,,
19-218,15,456 Building,,Example Description,,Amazon,10,294,,FALSE,FALSE,FALSE,FALSE,,986763,,
18-222,07,ABC Building,,Example Description,,Amazon,7,31,,FALSE,FALSE,FALSE,FALSE,,591843,,
19-218,09,456 Building,,Example Description,,Amazon,10,325,,FALSE,FALSE,FALSE,FALSE,,332526,,
19-104,12,XYZ Building,,Example Description,,Wal-Mart,5,143,,FALSE,FALSE,FALSE,FALSE,,361916,,
19-104,02,XYZ Building,,Example Description,,McMaster-Carr,5,465,,TRUE,TRUE,FALSE,FALSE,,725954,,
19-218,04,456 Building,,Example Description,,Global Industrial,7,489,,TRUE,FALSE,FALSE,FALSE,,707511,,
19-104,15,XYZ Building,,Example Description,,Home Depot,9,308,,FALSE,FALSE,FALSE,FALSE,,910759,,
19-109,06,789 Building,,Example Description,,Wal-Mart,8,371,,FALSE,FALSE,FALSE,FALSE,,617070,,
18-104,08,123 Building,,Example Description,,Amazon,2,410,,TRUE,FALSE,FALSE,FALSE,,373496,,
18-222,03,ABC Building,,Example Description,,McMaster-Carr,1,403,,TRUE,TRUE,FALSE,FALSE,,298213,,
19-104,13,XYZ Building,,Example Description,,Global Industrial,7,352,,TRUE,FALSE,FALSE,FALSE,,239251,,
18-104,13,123 Building,,Example Description,,McMaster-Carr,10,372,,TRUE,TRUE,TRUE,FALSE,,180146,,
19-109,05,789 Building,,Example Description,,Home Depot,5,253,,TRUE,FALSE,FALSE,FALSE,,231024,,
18-222,07,ABC Building,,Example Description,,McMaster-Carr,1,272,,FALSE,FALSE,FALSE,FALSE,,633694,,
18-222,14,ABC Building,,Example Description,,Global Industrial,2,171,,FALSE,FALSE,FALSE,FALSE,,601804,,
19-109,13,789 Building,,Example Description,,Amazon,9,266,,TRUE,TRUE,FALSE,FALSE,,445465,,
19-109,01,789 Building,,Example Description,,Amazon,8,231,,FALSE,FALSE,FALSE,FALSE,,835576,,
18-222,01,ABC Building,,Example Description,,Home Depot,6,457,,FALSE,FALSE,FALSE,FALSE,,792994,,
19-218,10,456 Building,,Example Description,,McMaster-Carr,6,162,,FALSE,FALSE,FALSE,FALSE,,724825,,
18-104,11,123 Building,,Example Description,,Wal-Mart,6,146,,TRUE,FALSE,FALSE,FALSE,,236162,,
19-104,03,XYZ Building,,Example Description,,Global Industrial,2,481,,FALSE,FALSE,FALSE,FALSE,,828149,,
19-104,09,XYZ Building,,Example Description,,McMaster-Carr,3,164,,FALSE,FALSE,FALSE,FALSE,,206711,,
19-104,13,XYZ Building,,Example Description,,McMaster-Carr,3,47,,FALSE,FALSE,FALSE,FALSE,,855646,,
19-218,12,456 Building,,Example Description,,Global Industrial,5,463,,FALSE,FALSE,FALSE,FALSE,,795729,,
18-222,02,ABC Building,,Example Description,,Home Depot,4,304,,TRUE,TRUE,FALSE,FALSE,,465848,,
19-109,11,789 Building,,Example Description,,Amazon,6,129,,TRUE,TRUE,FALSE,FALSE,,476246,,
19-218,10,456 Building,,Example Description,,McMaster-Carr,1,445,,FALSE,FALSE,FALSE,FALSE,,988238,,
19-218,05,456 Building,,Example Description,,Global Industrial,3,285,,FALSE,FALSE,FALSE,FALSE,,158109,,
19-109,10,789 Building,,Example Description,,Amazon,3,244,,TRUE,FALSE,FALSE,FALSE,,314981,,
18-222,06,ABC Building,,Example Description,,Home Depot,1,344,,TRUE,FALSE,FALSE,FALSE,,850471,,
18-104,12,123 Building,,Example Description,,Wal-Mart,5,19,,FALSE,FALSE,FALSE,FALSE,,142178,,
19-104,07,XYZ Building,,Example Description,,Home Depot,1,425,,FALSE,FALSE,FALSE,FALSE,,634874,,
18-104,08,123 Building,,Example Description,,McMaster-Carr,10,328,,FALSE,FALSE,FALSE,FALSE,,517475,,
19-218,06,456 Building,,Example Description,,Global Industrial,6,492,,TRUE,TRUE,FALSE,FALSE,,741162,,
18-222,15,ABC Building,,Example Description,,Global Industrial,2,64,,TRUE,TRUE,FALSE,FALSE,,136281,,
18-222,07,ABC Building,,Example Description,,Wal-Mart,9,404,,FALSE,FALSE,FALSE,FALSE,,839424,,
18-104,03,123 Building,,Example Description,,Global Industrial,6,365,,TRUE,FALSE,FALSE,FALSE,,128056,,
19-218,12,456 Building,,Example Description,,Home Depot,4,142,,TRUE,FALSE,FALSE,FALSE,,576024,,
18-104,14,123 Building,,Example Description,,Amazon,8,467,,TRUE,FALSE,FALSE,FALSE,,417279,,
19-109,04,789 Building,,Example Description,,Global Industrial,2,177,,FALSE,FALSE,FALSE,FALSE,,932932,,
19-218,08,456 Building,,Example Description,,Global Industrial,9,25,,TRUE,FALSE,FALSE,FALSE,,374638,,
19-218,04,456 Building,,Example Description,,Wal-Mart,6,424,,TRUE,FALSE,FALSE,FALSE,,233498,,
19-218,05,456 Building,,Example Description,,Amazon,8,350,,FALSE,FALSE,FALSE,FALSE,,761689,,
19-218,05,456 Building,,Example Description,,Amazon,2,113,,TRUE,TRUE,TRUE,FALSE,,624808,,
18-104,02,123 Building,,Example Description,,Global Industrial,2,423,,TRUE,FALSE,FALSE,FALSE,,966080,,
18-104,01,123 Building,,Example Description,,Home Depot,7,339,,TRUE,TRUE,FALSE,FALSE,,276601,,
18-222,14,ABC Building,,Example Description,,Home Depot,1,455,,TRUE,TRUE,FALSE,FALSE,,287996,,
19-104,05,XYZ Building,,Example Description,,McMaster-Carr,9,43,,TRUE,FALSE,FALSE,FALSE,,558592,,
19-218,06,456 Building,,Example Description,,Wal-Mart,10,165,,FALSE,FALSE,FALSE,FALSE,,759844,,
18-104,12,123 Building,,Example Description,,Amazon,3,324,,TRUE,TRUE,FALSE,FALSE,,981701,,
19-104,02,XYZ Building,,Example Description,,Home Depot,7,78,,FALSE,FALSE,FALSE,FALSE,,862910,,
18-222,04,ABC Building,,Example Description,,Home Depot,4,459,,FALSE,FALSE,FALSE,FALSE,,173342,,
18-104,08,123 Building,,Example Description,,McMaster-Carr,9,316,,TRUE,FALSE,FALSE,FALSE,,318225,,
19-109,02,789 Building,,Example Description,,Global Industrial,1,62,,FALSE,FALSE,FALSE,FALSE,,631217,,
19-218,02,456 Building,,Example Description,,Wal-Mart,9,401,,FALSE,FALSE,FALSE,FALSE,,882220,,
19-109,07,789 Building,,Example Description,,Amazon,3,212,,FALSE,FALSE,FALSE,FALSE,,728714,,
19-109,01,789 Building,,Example Description,,Home Depot,3,249,,FALSE,FALSE,FALSE,FALSE,,347964,,
18-104,11,123 Building,,Example Description,,Global Industrial,10,25,,FALSE,FALSE,FALSE,FALSE,,817899,,
19-109,12,789 Building,,Example Description,,Amazon,2,493,,TRUE,TRUE,FALSE,FALSE,,220098,,
18-104,10,123 Building,,Example Description,,Amazon,3,130,,FALSE,FALSE,FALSE,FALSE,,696653,,
19-218,07,456 Building,,Example Description,,Home Depot,4,476,,TRUE,TRUE,TRUE,TRUE,,289784,,
19-109,08,789 Building,,Example Description,,Amazon,8,11,,TRUE,FALSE,FALSE,FALSE,,592516,,
19-218,10,456 Building,,Example Description,,Amazon,7,468,,FALSE,FALSE,FALSE,FALSE,,870751,,
18-104,10,123 Building,,Example Description,,Wal-Mart,7,105,,TRUE,TRUE,TRUE,TRUE,,154069,,
18-104,13,123 Building,,Example Description,,McMaster-Carr,2,302,,FALSE,FALSE,FALSE,FALSE,,512709,,
19-109,12,789 Building,,Example Description,,Global Industrial,2,240,,TRUE,TRUE,FALSE,FALSE,,954327,,
19-218,04,456 Building,,Example Description,,Global Industrial,4,115,,TRUE,TRUE,FALSE,FALSE,,453019,,
18-104,04,123 Building,,Example Description,,McMaster-Carr,1,226,,TRUE,TRUE,FALSE,FALSE,,936714,,
19-104,13,XYZ Building,,Example Description,,Amazon,5,367,,FALSE,FALSE,FALSE,FALSE,,562004,,
19-109,05,789 Building,,Example Description,,Home Depot,7,319,,TRUE,FALSE,FALSE,FALSE,,656810,,
19-104,10,XYZ Building,,Example Description,,McMaster-Carr,4,479,,FALSE,FALSE,FALSE,FALSE,,867458,,
18-104,15,123 Building,,Example Description,,Global Industrial,7,122,,FALSE,FALSE,FALSE,FALSE,,579243,,
18-222,01,ABC Building,,Example Description,,Home Depot,1,66,,FALSE,FALSE,FALSE,FALSE,,264565,,
18-222,06,ABC Building,,Example Description,,Wal-Mart,9,331,,FALSE,FALSE,FALSE,FALSE,,913097,,
19-104,12,XYZ Building,,Example Description,,Global Industrial,7,392,,FALSE,FALSE,FALSE,FALSE,,430999,,
19-109,09,789 Building,,Example Description,,Wal-Mart,2,97,,TRUE,FALSE,FALSE,FALSE,,247877,,
19-109,14,789 Building,,Example Description,,Home Depot,1,428,,FALSE,FALSE,FALSE,FALSE,,433988,,
18-222,02,ABC Building,,Example Description,,Home Depot,4,137,,TRUE,FALSE,FALSE,FALSE,,114186,,
18-104,14,123 Building,,Example Description,,Home Depot,3,417,,TRUE,FALSE,FALSE,FALSE,,322122,,
18-222,03,ABC Building,,Example Description,,McMaster-Carr,8,113,,TRUE,TRUE,TRUE,FALSE,,859042,,
19-104,09,XYZ Building,,Example Description,,Amazon,3,354,,FALSE,FALSE,FALSE,FALSE,,994771,,
19-218,15,456 Building,,Example Description,,Wal-Mart,7,24,,TRUE,FALSE,FALSE,FALSE,,340584,,
19-218,08,456 Building,,Example Description,,Amazon,4,228,,FALSE,FALSE,FALSE,FALSE,,482848,,
18-222,12,ABC Building,,Example Description,,Wal-Mart,5,252,,TRUE,TRUE,TRUE,FALSE,,258806,,
19-104,10,XYZ Building,,Example Description,,Global Industrial,10,473,,FALSE,FALSE,FALSE,FALSE,,339061,,
19-109,06,789 Building,,Example Description,,Amazon,9,228,,TRUE,TRUE,TRUE,FALSE,,809965,,
19-109,05,789 Building,,Example Description,,McMaster-Carr,7,199,,TRUE,FALSE,FALSE,FALSE,,464967,,
19-109,13,789 Building,,Example Description,,McMaster-Carr,4,323,,TRUE,TRUE,TRUE,FALSE,,602668,,
19-218,02,456 Building,,Example Description,,Home Depot,7,93,,FALSE,FALSE,FALSE,FALSE,,862147,,
18-104,01,123 Building,,Example Description,,Global Industrial,4,62,,FALSE,FALSE,FALSE,FALSE,,793211,,
19-218,14,456 Building,,Example Description,,Home Depot,5,204,,TRUE,TRUE,FALSE,FALSE,,632443,,
18-222,02,ABC Building,,Example Description,,Home Depot,1,485,,TRUE,FALSE,FALSE,FALSE,,478923,,
18-104,04,123 Building,,Example Description,,Global Industrial,10,444,,TRUE,TRUE,TRUE,TRUE,,561266,,
18-222,02,ABC Building,,Example Description,,McMaster-Carr,4,212,,TRUE,FALSE,FALSE,FALSE,,837634,,
19-218,05,456 Building,,Example Description,,Global Industrial,5,461,,TRUE,TRUE,TRUE,FALSE,,417494,,
19-218,06,456 Building,,Example Description,,Global Industrial,1,398,,FALSE,FALSE,FALSE,FALSE,,861347,,
19-109,09,789 Building,,Example Description,,Wal-Mart,5,444,,TRUE,FALSE,FALSE,FALSE,,659578,,
19-104,06,XYZ Building,,Example Description,,Global Industrial,4,347,,FALSE,FALSE,FALSE,FALSE,,803673,,
19-104,11,XYZ Building,,Example Description,,McMaster-Carr,6,164,,FALSE,FALSE,FALSE,FALSE,,530114,,
19-218,11,456 Building,,Example Description,,Global Industrial,8,149,,FALSE,FALSE,FALSE,FALSE,,325035,,
19-104,13,XYZ Building,,Example Description,,McMaster-Carr,7,209,,TRUE,TRUE,TRUE,TRUE,,433255,,
18-222,08,ABC Building,,Example Description,,Home Depot,2,340,,FALSE,FALSE,FALSE,FALSE,,916731,,
19-218,13,456 Building,,Example Description,,Wal-Mart,1,366,,TRUE,FALSE,FALSE,FALSE,,473066,,
18-222,04,ABC Building,,Example Description,,Amazon,2,478,,TRUE,TRUE,FALSE,FALSE,,223998,,
18-222,05,ABC Building,,Example Description,,Wal-Mart,5,469,,TRUE,FALSE,FALSE,FALSE,,552513,,
18-222,06,ABC Building,,Example Description,,McMaster-Carr,7,129,,FALSE,FALSE,FALSE,FALSE,,869958,,
19-218,08,456 Building,,Example Description,,Home Depot,5,437,,FALSE,FALSE,FALSE,FALSE,,972183,,
19-218,14,456 Building,,Example Description,,Global Industrial,10,254,,FALSE,FALSE,FALSE,FALSE,,710524,,
18-222,09,ABC Building,,Example Description,,McMaster-Carr,9,126,,FALSE,FALSE,FALSE,FALSE,,630153,,
19-109,08,789 Building,,Example Description,,Home Depot,5,163,,FALSE,FALSE,FALSE,FALSE,,209148,,
18-222,01,ABC Building,,Example Description,,Global Industrial,1,304,,FALSE,FALSE,FALSE,FALSE,,995168,,
18-222,11,ABC Building,,Example Description,,Global Industrial,1,203,,FALSE,FALSE,FALSE,FALSE,,907755,,
19-109,02,789 Building,,Example Description,,Amazon,4,357,,FALSE,FALSE,FALSE,FALSE,,192951,,
18-222,14,ABC Building,,Example Description,,Home Depot,5,20,,TRUE,FALSE,FALSE,FALSE,,565083,,
18-222,15,ABC Building,,Example Description,,Home Depot,5,411,,FALSE,FALSE,FALSE,FALSE,,901040,,
18-104,08,123 Building,,Example Description,,Home Depot,6,330,,FALSE,FALSE,FALSE,FALSE,,339450,,
18-104,05,123 Building,,Example Description,,Amazon,2,299,,FALSE,FALSE,FALSE,FALSE,,729537,,
19-218,13,456 Building,,Example Description,,Global Industrial,1,307,,FALSE,FALSE,FALSE,FALSE,,327331,,
19-104,05,XYZ Building,,Example Description,,McMaster-Carr,3,328,,FALSE,FALSE,FALSE,FALSE,,714596,,
18-222,03,ABC Building,,Example Description,,Home Depot,1,407,,FALSE,FALSE,FALSE,FALSE,,541235,,
19-104,15,XYZ Building,,Example Description,,McMaster-Carr,3,387,,TRUE,TRUE,FALSE,FALSE,,712390,,
19-218,08,456 Building,,Example Description,,Amazon,8,326,,TRUE,TRUE,FALSE,FALSE,,409904,,
19-109,07,789 Building,,Example Description,,McMaster-Carr,3,92,,TRUE,TRUE,FALSE,FALSE,,889203,,
19-218,01,456 Building,,Example Description,,Amazon,7,284,,TRUE,TRUE,FALSE,FALSE,,736813,,
19-104,10,XYZ Building,,Example Description,,Amazon,5,491,,FALSE,FALSE,FALSE,FALSE,,429889,,
19-218,07,456 Building,,Example Description,,Home Depot,4,441,,FALSE,FALSE,FALSE,FALSE,,954516,,
19-109,15,789 Building,,Example Description,,Amazon,6,494,,TRUE,TRUE,TRUE,TRUE,,206820,,
18-222,15,ABC Building,,Example Description,,Amazon,5,124,,TRUE,FALSE,FALSE,FALSE,,671840,,
18-104,06,123 Building,,Example Description,,Amazon,10,103,,TRUE,TRUE,TRUE,TRUE,,208321,,
18-104,05,123 Building,,Example Description,,Home Depot,9,150,,FALSE,FALSE,FALSE,FALSE,,929141,,
19-109,12,789 Building,,Example Description,,McMaster-Carr,9,65,,FALSE,FALSE,FALSE,FALSE,,333071,,
18-104,02,123 Building,,Example Description,,Global Industrial,10,439,,FALSE,FALSE,FALSE,FALSE,,490688,,
19-104,12,XYZ Building,,Example Description,,Wal-Mart,9,325,,FALSE,FALSE,FALSE,FALSE,,597659,,
19-104,05,XYZ Building,,Example Description,,Home Depot,3,400,,FALSE,FALSE,FALSE,FALSE,,941574,,
19-109,10,789 Building,,Example Description,,Amazon,4,77,,TRUE,TRUE,TRUE,FALSE,,552998,,
19-218,09,456 Building,,Example Description,,McMaster-Carr,10,315,,FALSE,FALSE,FALSE,FALSE,,139416,,
19-109,09,789 Building,,Example Description,,Global Industrial,3,354,,FALSE,FALSE,FALSE,FALSE,,338840,,
18-222,02,ABC Building,,Example Description,,Amazon,6,337,,TRUE,FALSE,FALSE,FALSE,,421865,,
18-104,07,123 Building,,Example Description,,Wal-Mart,6,338,,TRUE,FALSE,FALSE,FALSE,,693176,,
18-222,05,ABC Building,,Example Description,,Amazon,9,420,,TRUE,TRUE,TRUE,TRUE,,293013,,
19-218,04,456 Building,,Example Description,,Home Depot,3,47,,FALSE,FALSE,FALSE,FALSE,,535310,,
18-222,08,ABC Building,,Example Description,,McMaster-Carr,6,240,,FALSE,FALSE,FALSE,FALSE,,300623,,
19-218,10,456 Building,,Example Description,,Wal-Mart,6,111,,TRUE,FALSE,FALSE,FALSE,,743659,,
19-218,05,456 Building,,Example Description,,Wal-Mart,5,314,,FALSE,FALSE,FALSE,FALSE,,347540,,
19-218,05,456 Building,,Example Description,,Global Industrial,7,154,,FALSE,FALSE,FALSE,FALSE,,973319,,
19-109,15,789 Building,,Example Description,,Global Industrial,7,231,,TRUE,FALSE,FALSE,FALSE,,311035,,
19-104,06,XYZ Building,,Example Description,,McMaster-Carr,10,120,,FALSE,FALSE,FALSE,FALSE,,673285,,
19-218,04,456 Building,,Example Description,,McMaster-Carr,1,116,,FALSE,FALSE,FALSE,FALSE,,588073,,
19-218,12,456 Building,,Example Description,,Amazon,8,227,,FALSE,FALSE,FALSE,FALSE,,529354,,
18-222,13,ABC Building,,Example Description,,Amazon,8,55,,FALSE,FALSE,FALSE,FALSE,,515525,,
19-104,10,XYZ Building,,Example Description,,McMaster-Carr,1,97,,FALSE,FALSE,FALSE,FALSE,,272988,,
18-222,14,ABC Building,,Example Description,,Amazon,3,109,,FALSE,FALSE,FALSE,FALSE,,797022,,
19-218,10,456 Building,,Example Description,,Amazon,7,100,,TRUE,FALSE,FALSE,FALSE,,958136,,
18-104,09,123 Building,,Example Description,,McMaster-Carr,3,414,,FALSE,FALSE,FALSE,FALSE,,492218,,
18-222,06,ABC Building,,Example Description,,Global Industrial,1,232,,FALSE,FALSE,FALSE,FALSE,,564057,,
19-104,08,XYZ Building,,Example Description,,McMaster-Carr,5,214,,TRUE,TRUE,TRUE,TRUE,,526602,,
18-104,14,123 Building,,Example Description,,Wal-Mart,3,436,,FALSE,FALSE,FALSE,FALSE,,292986,,
19-109,11,789 Building,,Example Description,,Home Depot,10,481,,FALSE,FALSE,FALSE,FALSE,,811639,,
19-218,12,456 Building,,Example Description,,Amazon,4,431,,FALSE,FALSE,FALSE,FALSE,,260499,,
19-109,12,789 Building,,Example Description,,Wal-Mart,5,111,,TRUE,FALSE,FALSE,FALSE,,801741,,
19-104,01,XYZ Building,,Example Description,,Home Depot,4,136,,FALSE,FALSE,FALSE,FALSE,,167618,,
18-104,07,123 Building,,Example Description,,Amazon,10,153,,TRUE,TRUE,FALSE,FALSE,,212751,,
18-104,02,123 Building,,Example Description,,McMaster-Carr,6,146,,FALSE,FALSE,FALSE,FALSE,,310280,,
19-218,05,456 Building,,Example Description,,Home Depot,2,373,,TRUE,FALSE,FALSE,FALSE,,923398,,
19-218,01,456 Building,,Example Description,,McMaster-Carr,6,443,,TRUE,FALSE,FALSE,FALSE,,140099,,
18-222,04,ABC Building,,Example Description,,Global Industrial,1,69,,FALSE,FALSE,FALSE,FALSE,,693866,,
18-104,11,123 Building,,Example Description,,McMaster-Carr,10,186,,FALSE,FALSE,FALSE,FALSE,,214698,,
18-104,11,123 Building,,Example Description,,Home Depot,1,489,,FALSE,FALSE,FALSE,FALSE,,418083,,
19-109,08,789 Building,,Example Description,,McMaster-Carr,9,202,,FALSE,FALSE,FALSE,FALSE,,899230,,
19-104,01,XYZ Building,,Example Description,,Global Industrial,2,498,,FALSE,FALSE,FALSE,FALSE,,679246,,
19-218,15,456 Building,,Example Description,,Global Industrial,5,430,,TRUE,FALSE,FALSE,FALSE,,971818,,
18-104,06,123 Building,,Example Description,,McMaster-Carr,10,141,,TRUE,FALSE,FALSE,FALSE,,805283,,
19-218,12,456 Building,,Example Description,,Wal-Mart,9,266,,TRUE,TRUE,TRUE,FALSE,,394166,,
19-218,02,456 Building,,Example Description,,Global Industrial,10,498,,TRUE,TRUE,FALSE,FALSE,,617553,,
19-218,07,456 Building,,Example Description,,McMaster-Carr,7,72,,FALSE,FALSE,FALSE,FALSE,,219970,,
19-109,05,789 Building,,Example Description,,Global Industrial,6,295,,TRUE,TRUE,TRUE,FALSE,,952561,,
18-222,06,ABC Building,,Example Description,,Global Industrial,5,146,,TRUE,FALSE,FALSE,FALSE,,672018,,
18-222,10,ABC Building,,Example Description,,Wal-Mart,9,46,,TRUE,FALSE,FALSE,FALSE,,480265,,
19-109,09,789 Building,,Example Description,,Amazon,8,383,,FALSE,FALSE,FALSE,FALSE,,803977,,
19-109,09,789 Building,,Example Description,,Wal-Mart,9,436,,TRUE,FALSE,FALSE,FALSE,,469526,,
19-218,15,456 Building,,Example Description,,McMaster-Carr,1,433,,FALSE,FALSE,FALSE,FALSE,,979904,,
18-104,08,123 Building,,Example Description,,McMaster-Carr,1,352,,TRUE,FALSE,FALSE,FALSE,,879067,,
18-104,11,123 Building,,Example Description,,Amazon,7,446,,TRUE,FALSE,FALSE,FALSE,,772398,,
19-218,05,456 Building,,Example Description,,McMaster-Carr,1,185,,FALSE,FALSE,FALSE,FALSE,,301080,,
19-109,11,789 Building,,Example Description,,Amazon,1,328,,FALSE,FALSE,FALSE,FALSE,,709580,,
18-222,09,ABC Building,,Example Description,,McMaster-Carr,10,460,,FALSE,FALSE,FALSE,FALSE,,910948,,
19-104,11,XYZ Building,,Example Description,,Wal-Mart,6,415,,FALSE,FALSE,FALSE,FALSE,,516311,,
19-218,04,456 Building,,Example Description,,Global Industrial,8,136,,FALSE,FALSE,FALSE,FALSE,,195096,,
19-104,01,XYZ Building,,Example Description,,Wal-Mart,4,483,,TRUE,FALSE,FALSE,FALSE,,701189,,
19-104,04,XYZ Building,,Example Description,,McMaster-Carr,4,471,,TRUE,TRUE,TRUE,FALSE,,812859,,
18-222,04,ABC Building,,Example Description,,Home Depot,7,42,,FALSE,FALSE,FALSE,FALSE,,712422,,
19-109,05,789 Building,,Example Description,,McMaster-Carr,7,383,,TRUE,TRUE,FALSE,FALSE,,817774,,
19-104,08,XYZ Building,,Example Description,,Global Industrial,8,26,,FALSE,FALSE,FALSE,FALSE,,388791,,
19-104,01,XYZ Building,,Example Description,,Amazon,9,141,,FALSE,FALSE,FALSE,FALSE,,286420,,
19-109,06,789 Building,,Example Description,,Global Industrial,8,175,,TRUE,FALSE,FALSE,FALSE,,491111,,
19-104,14,XYZ Building,,Example Description,,Wal-Mart,3,105,,TRUE,TRUE,TRUE,TRUE,,860232,,
19-104,13,XYZ Building,,Example Description,,McMaster-Carr,2,271,,FALSE,FALSE,FALSE,FALSE,,375359,,
18-222,14,ABC Building,,Example Description,,Amazon,3,348,,FALSE,FALSE,FALSE,FALSE,,604021,,
18-222,04,ABC Building,,Example Description,,McMaster-Carr,9,256,,TRUE,FALSE,FALSE,FALSE,,146698,,
18-222,03,ABC Building,,Example Description,,Home Depot,5,366,,FALSE,FALSE,FALSE,FALSE,,522438,,
19-104,14,XYZ Building,,Example Description,,Global Industrial,7,225,,TRUE,FALSE,FALSE,FALSE,,602223,,
19-104,12,XYZ Building,,Example Description,,Wal-Mart,6,274,,TRUE,FALSE,FALSE,FALSE,,997436,,
19-218,03,456 Building,,Example Description,,Amazon,3,278,,FALSE,FALSE,FALSE,FALSE,,520618,,
19-104,07,XYZ Building,,Example Description,,Home Depot,1,82,,TRUE,TRUE,FALSE,FALSE,,497549,,
19-109,03,789 Building,,Example Description,,Amazon,2,388,,TRUE,TRUE,FALSE,FALSE,,882936,,
19-104,11,XYZ Building,,Example Description,,McMaster-Carr,3,23,,FALSE,FALSE,FALSE,FALSE,,247602,,
19-218,08,456 Building,,Example Description,,Global Industrial,1,274,,TRUE,TRUE,TRUE,FALSE,,362639,,
18-222,05,ABC Building,,Example Description,,Home Depot,2,38,,TRUE,FALSE,FALSE,FALSE,,900032,,
18-104,04,123 Building,,Example Description,,Amazon,1,291,,TRUE,TRUE,FALSE,FALSE,,982154,,
19-218,06,456 Building,,Example Description,,Amazon,8,432,,FALSE,FALSE,FALSE,FALSE,,839511,,
19-218,07,456 Building,,Example Description,,Home Depot,10,339,,FALSE,FALSE,FALSE,FALSE,,399757,,
19-218,09,456 Building,,Example Description,,Home Depot,2,42,,FALSE,FALSE,FALSE,FALSE,,595742,,
19-109,05,789 Building,,Example Description,,Home Depot,5,117,,TRUE,TRUE,FALSE,FALSE,,747361,,
19-109,14,789 Building,,Example Description,,Global Industrial,3,412,,FALSE,FALSE,FALSE,FALSE,,185937,,
19-109,09,789 Building,,Example Description,,Wal-Mart,3,408,,FALSE,FALSE,FALSE,FALSE,,961323,,
18-104,03,123 Building,,Example Description,,McMaster-Carr,3,280,,FALSE,FALSE,FALSE,FALSE,,767936,,
19-109,02,789 Building,,Example Description,,Home Depot,4,269,,FALSE,FALSE,FALSE,FALSE,,156324,,
18-222,14,ABC Building,,Example Description,,McMaster-Carr,10,325,,FALSE,FALSE,FALSE,FALSE,,813473,,
19-104,03,XYZ Building,,Example Description,,Amazon,1,433,,TRUE,FALSE,FALSE,FALSE,,822309,,
19-109,11,789 Building,,Example Description,,McMaster-Carr,1,60,,FALSE,FALSE,FALSE,FALSE,,623561,,
19-218,11,456 Building,,Example Description,,Home Depot,9,279,,TRUE,TRUE,TRUE,FALSE,,748183,,
18-222,10,ABC Building,,Example Description,,Home Depot,10,103,,TRUE,FALSE,FALSE,FALSE,,377442,,
19-109,14,789 Building,,Example Description,,Home Depot,2,161,,TRUE,FALSE,FALSE,FALSE,,878909,,
18-222,02,ABC Building,,Example Description,,McMaster-Carr,7,414,,TRUE,FALSE,FALSE,FALSE,,131123,,
19-218,14,456 Building,,Example Description,,McMaster-Carr,10,24,,TRUE,TRUE,TRUE,FALSE,,427781,,
19-104,03,XYZ Building,,Example Description,,Home Depot,6,361,,FALSE,FALSE,FALSE,FALSE,,484217,,
18-104,11,123 Building,,Example Description,,Home Depot,10,409,,FALSE,FALSE,FALSE,FALSE,,695107,,
19-218,04,456 Building,,Example Description,,Amazon,8,201,,FALSE,FALSE,FALSE,FALSE,,362860,,
18-104,05,123 Building,,Example Description,,Amazon,3,312,,TRUE,TRUE,TRUE,FALSE,,182328,,
19-109,09,789 Building,,Example Description,,McMaster-Carr,6,452,,TRUE,TRUE,TRUE,TRUE,,994814,,
19-104,13,XYZ Building,,Example Description,,Wal-Mart,5,270,,TRUE,TRUE,TRUE,TRUE,,411148,,
19-104,02,XYZ Building,,Example Description,,Amazon,5,74,,FALSE,FALSE,FALSE,FALSE,,834248,,
19-218,01,456 Building,,Example Description,,Home Depot,7,335,,FALSE,FALSE,FALSE,FALSE,,715641,,
19-104,06,XYZ Building,,Example Description,,Home Depot,9,168,,TRUE,TRUE,FALSE,FALSE,,206704,,
19-218,10,456 Building,,Example Description,,Home Depot,4,491,,FALSE,FALSE,FALSE,FALSE,,540395,,
18-222,11,ABC Building,,Example Description,,Wal-Mart,1,116,,FALSE,FALSE,FALSE,FALSE,,526436,,
18-222,04,ABC Building,,Example Description,,Amazon,4,143,,TRUE,TRUE,FALSE,FALSE,,721325,,
19-218,11,456 Building,,Example Description,,Amazon,4,52,,FALSE,FALSE,FALSE,FALSE,,172757,,
19-109,10,789 Building,,Example Description,,Amazon,7,406,,FALSE,FALSE,FALSE,FALSE,,688903,,
18-104,13,123 Building,,Example Description,,McMaster-Carr,5,290,,FALSE,FALSE,FALSE,FALSE,,819698,,
19-109,02,789 Building,,Example Description,,McMaster-Carr,9,351,,FALSE,FALSE,FALSE,FALSE,,926887,,
19-104,01,XYZ Building,,Example Description,,Home Depot,6,262,,TRUE,FALSE,FALSE,FALSE,,417126,,
18-104,14,123 Building,,Example Description,,Amazon,8,304,,FALSE,FALSE,FALSE,FALSE,,545377,,
19-104,05,XYZ Building,,Example Description,,Global Industrial,3,122,,FALSE,FALSE,FALSE,FALSE,,358554,,
18-222,01,ABC Building,,Example Description,,Amazon,9,336,,FALSE,FALSE,FALSE,FALSE,,256878,,
19-104,15,XYZ Building,,Example Description,,Home Depot,1,22,,FALSE,FALSE,FALSE,FALSE,,447607,,
19-109,05,789 Building,,Example Description,,Global Industrial,8,76,,FALSE,FALSE,FALSE,FALSE,,830367,,
19-109,13,789 Building,,Example Description,,Home Depot,8,247,,FALSE,FALSE,FALSE,FALSE,,356187,,
18-222,10,ABC Building,,Example Description,,Home Depot,1,201,,FALSE,FALSE,FALSE,FALSE,,262684,,
18-104,09,123 Building,,Example Description,,Amazon,6,380,,FALSE,FALSE,FALSE,FALSE,,853799,,
18-222,07,ABC Building,,Example Description,,Amazon,4,480,,TRUE,FALSE,FALSE,FALSE,,706868,,
19-104,02,XYZ Building,,Example Description,,McMaster-Carr,1,260,,FALSE,FALSE,FALSE,FALSE,,916080,,
19-104,07,XYZ Building,,Example Description,,Global Industrial,6,61,,FALSE,FALSE,FALSE,FALSE,,238240,,
19-218,07,456 Building,,Example Description,,Home Depot,3,411,,FALSE,FALSE,FALSE,FALSE,,197878,,
19-218,08,456 Building,,Example Description,,Amazon,2,35,,TRUE,FALSE,FALSE,FALSE,,329024,,
19-218,13,456 Building,,Example Description,,McMaster-Carr,5,489,,TRUE,FALSE,FALSE,FALSE,,602467,,
18-222,09,ABC Building,,Example Description,,Wal-Mart,6,474,,FALSE,FALSE,FALSE,FALSE,,629351,,
18-104,09,123 Building,,Example Description,,McMaster-Carr,1,376,,FALSE,FALSE,FALSE,FALSE,,127951,,
19-218,06,456 Building,,Example Description,,Amazon,2,307,,FALSE,FALSE,FALSE,FALSE,,963417,,
18-222,08,ABC Building,,Example Description,,Wal-Mart,10,312,,TRUE,TRUE,TRUE,TRUE,,728145,,
19-218,08,456 Building,,Example Description,,Amazon,1,342,,FALSE,FALSE,FALSE,FALSE,,449313,,
19-104,10,XYZ Building,,Example Description,,Home Depot,5,105,,FALSE,FALSE,FALSE,FALSE,,839201,,
18-104,15,123 Building,,Example Description,,Wal-Mart,8,220,,FALSE,FALSE,FALSE,FALSE,,236354,,
18-104,03,123 Building,,Example Description,,Wal-Mart,4,418,,TRUE,FALSE,FALSE,FALSE,,870752,,
18-222,05,ABC Building,,Example Description,,Wal-Mart,9,232,,FALSE,FALSE,FALSE,FALSE,,768568,,
18-104,07,123 Building,,Example Description,,McMaster-Carr,3,401,,FALSE,FALSE,FALSE,FALSE,,731185,,
19-104,11,XYZ Building,,Example Description,,Global Industrial,5,244,,TRUE,TRUE,TRUE,FALSE,,318372,,
19-104,14,XYZ Building,,Example Description,,Global Industrial,9,485,,FALSE,FALSE,FALSE,FALSE,,976692,,
18-104,14,123 Building,,Example Description,,Amazon,1,103,,TRUE,FALSE,FALSE,FALSE,,728948,,
19-218,13,456 Building,,Example Description,,Wal-Mart,5,418,,FALSE,FALSE,FALSE,FALSE,,304910,,
19-104,12,XYZ Building,,Example Description,,Home Depot,8,116,,TRUE,FALSE,FALSE,FALSE,,476119,,
19-218,12,456 Building,,Example Description,,Global Industrial,9,138,,FALSE,FALSE,FALSE,FALSE,,287761,,
18-222,14,ABC Building,,Example Description,,Home Depot,2,254,,TRUE,TRUE,FALSE,FALSE,,721411,,
19-218,07,456 Building,,Example Description,,McMaster-Carr,3,144,,FALSE,FALSE,FALSE,FALSE,,788663,,
18-222,11,ABC Building,,Example Description,,Home Depot,9,64,,FALSE,FALSE,FALSE,FALSE,,401791,,
19-109,08,789 Building,,Example Description,,Home Depot,10,86,,FALSE,FALSE,FALSE,FALSE,,229169,,
19-218,12,456 Building,,Example Description,,McMaster-Carr,1,92,,TRUE,FALSE,FALSE,FALSE,,915686,,
18-104,11,123 Building,,Example Description,,Global Industrial,4,437,,FALSE,FALSE,FALSE,FALSE,,454633,,
18-222,09,ABC Building,,Example Description,,Home Depot,6,255,,FALSE,FALSE,FALSE,FALSE,,627003,,
18-104,07,123 Building,,Example Description,,Wal-Mart,3,132,,FALSE,FALSE,FALSE,FALSE,,884643,,
19-218,09,456 Building,,Example Description,,Amazon,7,158,,TRUE,FALSE,FALSE,FALSE,,907450,,
18-104,14,123 Building,,Example Description,,Amazon,7,451,,TRUE,FALSE,FALSE,FALSE,,311473,,
18-104,02,123 Building,,Example Description,,McMaster-Carr,1,208,,TRUE,TRUE,TRUE,FALSE,,474693,,
19-104,08,XYZ Building,,Example Description,,Wal-Mart,10,38,,FALSE,FALSE,FALSE,FALSE,,754597,,
18-222,07,ABC Building,,Example Description,,McMaster-Carr,4,458,,FALSE,FALSE,FALSE,FALSE,,298200,,
18-104,10,123 Building,,Example Description,,Global Industrial,7,269,,TRUE,FALSE,FALSE,FALSE,,275471,,
19-109,15,789 Building,,Example Description,,Amazon,4,200,,FALSE,FALSE,FALSE,FALSE,,177108,,
19-104,06,XYZ Building,,Example Description,,Amazon,6,234,,TRUE,FALSE,FALSE,FALSE,,480344,,
19-109,01,789 Building,,Example Description,,Wal-Mart,5,273,,FALSE,FALSE,FALSE,FALSE,,766843,,
19-109,09,789 Building,,Example Description,,Amazon,2,489,,FALSE,FALSE,FALSE,FALSE,,146098,,
19-218,01,456 Building,,Example Description,,Global Industrial,10,318,,TRUE,TRUE,FALSE,FALSE,,434659,,
18-222,08,ABC Building,,Example Description,,Home Depot,3,427,,FALSE,FALSE,FALSE,FALSE,,676509,,
18-104,03,123 Building,,Example Description,,Global Industrial,10,462,,FALSE,FALSE,FALSE,FALSE,,741569,,
19-109,03,789 Building,,Example Description,,Wal-Mart,6,11,,FALSE,FALSE,FALSE,FALSE,,295902,,
19-109,08,789 Building,,Example Description,,Global Industrial,6,315,,TRUE,FALSE,FALSE,FALSE,,698200,,
19-109,14,789 Building,,Example Description,,Home Depot,1,463,,TRUE,TRUE,FALSE,FALSE,,389699,,
18-104,12,123 Building,,Example Description,,Amazon,3,106,,TRUE,TRUE,FALSE,FALSE,,357773,,
18-222,15,ABC Building,,Example Description,,Home Depot,5,414,,TRUE,FALSE,FALSE,FALSE,,485575,,
18-222,06,ABC Building,,Example Description,,Amazon,9,319,,FALSE,FALSE,FALSE,FALSE,,159595,,
19-218,12,456 Building,,Example Description,,McMaster-Carr,2,137,,TRUE,TRUE,TRUE,FALSE,,660659,,
18-222,04,ABC Building,,Example Description,,Wal-Mart,1,73,,TRUE,TRUE,FALSE,FALSE,,992864,,