Name,FF,SI,FC,SL,CH,CU,FS,KN
Trevor Bauer,94.6,94.8,84.5,79.5,86.1,79.2,,
Lance Lynn,94.6,92.8,89.1,,86.8,81.2,,
Stephen Strasburg,93.9,93.7,,87.8,87.7,81.2,,
Eduardo Rodriguez,93,92.9,88.4,85.2,87.6,82.1,,
Aaron Nola,93,92.1,,,85.7,79,,
Mike Minor,92.5,,,86.5,86.2,80.7,,
Gerrit Cole,97.1,97.1,,89.2,88.7,82.5,,
Madison Bumgarner,91.4,92.2,87.2,,84.2,78.7,,
Shane Bieber,93.1,93.7,,85,87.6,82.6,,
Jacob deGrom,96.8,96.5,,92.5,90.1,84.3,,
Reynaldo Lopez,95.4,,,84.5,84,78.2,,
Patrick Corbin,91.7,91.7,,81.6,81.5,67.7,,
Luis Castillo,96.3,96.4,,85.7,87.1,,,
Justin Verlander,94.6,,,87.5,87,79.4,,
Marco Gonzales,88.1,88.9,85.2,,81.2,76.2,,
Jakob Junis,91.7,91,,82.4,84.7,79.3,,
Jose Berrios,93,92.1,,,82.5,81.1,,
Charlie Morton,94.7,93.9,85.4,,,78.6,84.9,
Zack Wheeler,96.8,96.5,,91.2,89,80.7,88.8,
Matthew Boyd,92,90.3,90.5,79.6,79.1,72.2,,
Julio Teheran,89.8,89.3,,82.2,83.7,74.8,,
Zack Greinke,89.9,90.3,89.3,83.4,87.3,70.6,80.3,
Jack Flaherty,94.1,91.7,,84.6,85.7,78.1,,
Robbie Ray,92.5,92.2,,84.2,,81.8,,
Jon Lester,90.5,89.5,87.9,,84.4,74.6,,
Ivan Nova,92.4,92.2,86.7,,86.2,79.8,,
Lucas Giolito,94.2,,,84.5,81.7,79.4,,
Brad Keller,93.7,92.8,,84.9,87.8,,,
Mike Leake,88.6,88.3,86.6,80.3,84,79.2,,
Rick Porcello,91,89.5,,84.2,80.9,74.9,,
Sandy Alcantara,95.6,95.3,,85.9,89,82,,
Noah Syndergaard,97.8,97.5,,89.1,91.1,80.3,,
Jeff Samardzija,91.6,92.2,88.7,84.5,,76.3,82.4,
Merrill Kelly,91.9,91.4,89.7,,85.9,80.5,,
Marcus Stroman,93,92.5,91.2,85.8,86.7,75.1,,
Wade Miley,90.7,89.5,87.3,81.7,81.1,75.5,,
Sonny Gray,93.3,93.2,89.3,84.7,89.7,81.9,,
Tanner Roark,92.1,92,,86.3,84.2,75.8,,
German Marquez,95.7,94.7,,87.4,87.8,84.9,,
Jake Odorizzi,92.8,,85.4,,,75.4,85.1,
Mike Fiers,90.4,90.3,,85.7,84.1,73.9,,
Dakota Hudson,93.9,93.6,,87.5,88.1,82,,
Walker Buehler,96.5,96.6,92.7,86.8,91.7,80.7,,
Masahiro Tanaka,91.5,90.3,87.4,83.2,,76.2,86.8,
Martin Perez,94.3,94,88.5,,85.4,79.2,,
Homer Bailey,92.9,92.7,,87.3,,78.3,84.1,
Yu Darvish,94,93.5,86.9,82.5,83.8,76.8,88.5,
Brett Anderson,89.4,90.6,,81.8,82.5,75.6,,
Jose Quintana,91.4,91.3,,,86.5,77,,
Miles Mikolas,93.7,93.4,,87,88.2,78.3,,
Kyle Gibson,93.4,93.2,,84.1,85.3,80.1,,
Max Fried,93.8,93.5,93.5,83.8,84.8,74.6,,
Trent Thornton,92.9,91.7,88,80.5,,74,83.2,
Dylan Bundy,91.1,91.3,,81.1,83.5,74.8,,
Zach Davies,,88.4,86.9,80.4,79.9,75.6,,
Chris Sale,93.4,92.2,,79,85.2,,,
Max Scherzer,94.9,,89.9,85.6,84.3,78.5,,
James Paxton,95.5,,88.1,,86,81.1,,
Steven Matz,,93.3,,89.6,84.3,78.7,,
J.A. Happ,91.9,89.5,,84.8,86,81.4,,
Joey Lucchesi,,90.2,90.6,,79,,,
Kyle Hendricks,87.2,86.7,,,78.7,71.5,,
Hyun-Jin Ryu,90.7,90.1,86.9,80.1,79.9,72.6,,
Adam Wainwright,89.6,89.9,84.8,,83.9,74.8,,
Anibal Sanchez,90.2,90.3,87.6,82.9,70.6,76.8,84.3,
John Means,91.8,,,83.5,80.8,76.1,,
Yusei Kikuchi,92.5,,,85.9,84.5,75,,
Joe Musgrove,92.5,91.3,88.6,83.1,85.1,82,,
Jon Gray,96,95.4,,88.3,86.7,78.6,,
Andrew Cashner,93.8,91.9,,85.6,84.4,80.6,,
Anthony DeSclafani,94.7,94.5,,89.5,88.6,83.3,,
Kenta Maeda,92,91.9,,83.5,84.9,77.2,,
Aaron Sanchez,93.4,93.9,,,88.1,78.4,,
Mike Soroka,93,92.3,,83.3,81.2,,,
Caleb Smith,91.7,,,83.2,82.6,,,
Spencer Turnbull,93.6,94.1,,86.7,86.2,80.2,,
Zach Eflin,93.8,93.1,89.6,87,86.6,78,,
Clayton Kershaw,90.3,,,86.9,84.9,73.5,,
Chris Bassitt,93.9,93.1,88.3,79.2,85,70.3,,
Cole Hamels,91.5,91.1,87.6,,83.3,78,,
Eric Lauer,91.7,,87.9,81.5,85.6,77,,
Daniel Norris,90.7,90.4,,84.2,85.6,75.8,,
Jason Vargas,84.2,84.3,,,78.7,70.5,,
Trevor Richards,90.9,,85.3,,83.4,78.9,,
Chris Paddack,93.9,,,,84.5,76.1,,
Jordan Lyles,92.7,91.7,,87.5,85.7,80.7,,
Jake Arrieta,91.9,92.5,,89.7,87.5,80.6,,
Michael Pineda,92.5,91.9,,83.9,87.1,,,
Domingo German,93.4,94,,,87,81.7,,
Chase Anderson,93.3,93.3,90.6,,82.6,77.8,,
Chris Archer,94.1,93.9,,88.7,87.7,82.6,,
Trevor Williams,91.7,89.6,,82.9,83.5,76.3,,
Glenn Sparkman,93.4,,86.4,82.3,85.5,78.8,,
Michael Wacha,93,93.5,89.4,,85.6,75.3,,
Ariel Jurado,93.1,91.9,,85.3,85.2,80.3,,
Antonio Senzatela,93.8,,,84.4,86.7,78.9,,
Adrian Sampson,,92.4,,83.8,87.3,79.3,,
Tyler Mahle,93.2,,89.9,,,80.3,86.9,
Wade LeBlanc,86.3,86.1,84.1,,78.5,72.5,,
Brandon Woodruff,96.3,96,,88.4,86.9,81.2,,
Yonny Chirinos,94.3,93.9,,87.6,,,85.8,
Drew Smyly,91.1,,86.7,,82.3,77.3,,
Vince Velasquez,94.2,91.9,,86.4,,83.5,,
Danny Duffy,92.3,92.1,,84.2,83.7,76.2,,
David Price,91.9,91.9,88.5,,84.1,80.4,,
Ryan Yarbrough,,88.2,84.2,,79.6,73.2,,
Drew Pomeranz,92.6,91.2,88,,85.6,81,,
Tyler Beede,94.1,95.6,,86.2,83.8,80.1,,
Jorge Lopez,94.4,93.8,,88.4,87.6,81.8,,
Jalen Beeks,92,92.6,85.9,,87.2,75.1,,
Blake Snell,95.6,,,87.3,86.3,81.1,,
Steven Brault,92.1,91.4,83.6,81.2,84.2,71.2,,
Zach Plesac,93.9,,,84.8,85.8,79.3,,
Aaron Brooks,91.9,91.9,,85.7,84.7,78.8,,
Jhoulys Chacin,90,89.9,,79.8,82.8,76.6,,
Kyle Freeland,92,91.3,,86.7,86.6,81.2,,
Mike Clevinger,95.6,,,80.9,87.3,77.7,,
Matt Strahm,91.4,92.4,,85.9,84.2,80.1,,
Cal Quantrill,94.5,94.3,,86.4,84.6,79.1,,
Mike Foltynewicz,94.9,95.1,,85.8,86.7,79.7,,
Trevor Cahill,91.8,91.6,85.8,,83.4,79.5,,
Jordan Zimmermann,90.5,90.2,,85.8,87.2,80.3,,
CC Sabathia,88.8,89,88.3,79.2,82.6,,,
Gabriel Ynoa,93.4,93.5,,84.2,85.9,79.9,,
Nick Pivetta,94.5,93.2,,85.7,87.5,80.5,,
Adam Plutko,91,,,85.8,84.1,77.3,,
Kevin Gausman,93.9,,,82.2,,,83.5,
Felix Pena,91.2,91.5,,82.5,83.9,,,
Dallas Keuchel,89.3,88.1,86.1,78.3,79.5,,,
Griffin Canning,93.9,,,88.9,89.1,82,,
Zack Godley,91.3,89.9,88.5,,83.3,81.8,,
Adrian Houser,94.6,94.3,,88,85.5,80.5,,
Pablo Lopez,93.7,93.3,,,85.7,79.8,,
Dereck Rodriguez,90.7,90,86.6,,84.4,75.5,,
Freddy Peralta,93.4,,,,89.9,77.1,,
Shaun Anderson,92.5,92.4,,86.2,86,77.8,,
Tommy Milone,87.1,,,79.1,79.4,75.3,,
Brad Peacock,92.5,91.8,,81.3,83.3,78.6,,
Peter Lambert,92.6,92,,87.4,85.1,77.6,,
Andrew Heaney,,92.5,,,84.6,79.4,,
Frankie Montas,96.8,96.4,,88.5,,,86.7,
Tyler Skaggs,91.3,,,,83.8,75,,
Derek Holland,,92.3,,81.1,83.8,77.7,,
David Hess,92.9,92.4,,83.4,85.4,77.3,,
Elieser Hernandez,90.6,89.3,,78.5,82.1,,,
Wilmer Font,94.4,93.7,,84.1,,76.5,85,
Ross Stripling,90.6,88.8,88.6,86.4,82.7,79.8,,
Taylor Clarke,93.6,92.9,,85.1,86.7,79.3,,
Jose Suarez,91.7,,,81.7,81.7,75.9,,
Jesse Chavez,91.4,91.1,88.2,86.4,85.2,83.5,,
Sam Gaviglio,,89.3,,84.3,82.7,79.8,,
Mike Montgomery,91.6,92.3,87.8,,84.4,77.8,,
Collin McHugh,90.8,87.9,87,79.5,83.5,74.5,,
Junior Guerra,94.6,94.8,,,,82.1,86,
Zac Gallen,92.9,92.8,87,,85,79.2,,
Jaime Barria,91.7,91.6,,83.9,83.3,,,
Jose Urena,94.8,95.7,,85.7,90,84.5,,
Luis Cessa,94.5,93.8,,84.9,87,80.8,,
Julio Urias,95.1,95.5,,84.7,82.3,77.4,,
Tyler Chatwood,96,95.6,90.2,,87.7,81.5,,
Michael Lorenzen,97.1,96.4,93.7,87,87.3,83.7,,
Jordan Yamamoto,91.6,90.8,86,79,82.9,74.4,,
Erick Fedde,92.1,92.2,87.1,,,79.2,85.3,
Archie Bradley,95.6,95.3,,,88.4,82.2,,
Asher Wojciechowski,91.6,,,86,85.5,80.8,,
Nestor Cortes Jr.,89.6,89.1,,82.1,82.4,74.6,,
Liam Hendriks,96.3,93.7,,88.4,,84.4,,
Nick Ramirez,90.1,89.1,86.8,,79.2,78.3,,
Chad Green,96.4,,,87.7,,,88.7,
Jose Leclerc,96.7,96.5,,82,89.8,77.1,,
Carlos Estevez,97.8,97.4,,87.7,90.3,,,
Gio Gonzalez,89.5,88.9,,,82.3,75.2,,
Scott Barlow,94.2,93.9,,83.9,87.3,77.2,,
Dylan Cease,96.5,96.2,,84.6,83.4,79.7,,
Marcus Walden,94.2,94.1,91.7,85.6,,,,
Miguel Castro,,97.3,,86.1,90.6,,,
Luke Jackson,96.1,,,87.7,83.7,83.7,,
Craig Stammen,91.8,92.7,,87.4,89.1,81.3,,
Thomas Pannone,89.7,,,84.4,83.4,73.8,,
Chris Stratton,92.1,91.7,91,84.5,84.7,77,,
Matt Barnes,96.6,,,,,85.5,88,
Edwin Jackson,93.6,93.8,91.7,85.7,87,78,,
Ryne Stanek,97.5,,,89.5,,,88.1,
Framber Valdez,94.2,92.6,,,88.6,79.4,,
Carlos Carrasco,93.7,92.7,,84.7,87.7,80.8,,
Bryan Shaw,,,92.4,82.8,83.9,80.7,,
Seth Lugo,94.4,93.9,,88.1,87.9,79.6,,
Joe Biagini,93.8,94.1,87.8,,87.1,77,,
Ty Buttrey,97,95.3,,83.8,87.6,,,
Sean Newcomb,94.3,,,81.4,87.3,78.7,,
Daniel Hudson,96.1,95.6,,86.7,88.6,,,
Wander Suero,94.5,,92.9,,87.4,79.5,,
Brandon Workman,92.8,,87,,,80.6,,
Jacob Waguespack,92.5,90.4,89.3,85.8,83.3,78.9,,
John Brebbia,93.5,,,83.7,87.2,,,
Wei-Yin Chen,91.3,89.7,,85.8,84,74.1,,
Adam Ottavino,93.8,93.9,88.3,81.9,,,,
Francisco Liriano,92.7,93,,87,86.9,,,
Robert Gsellman,95.6,95.3,,90.5,87.2,81.3,,
Jake Diekman,95.8,95.4,,85.1,90,,,
Matt Andriese,92.4,92.3,,85,85.9,80.9,,
Chris Devenski,94.8,,,81.6,84,,,
Dillon Peters,91.1,91,,83,84.1,76.8,,
Buck Farmer,94.9,,,82.3,88.1,,,
Hansel Robles,97.2,96.7,,89.2,89.8,,,
Richard Rodriguez,93.1,92.6,,81.5,86.9,,,
Daniel Mengden,91.5,90.4,86,83.4,82.9,72.5,,
Trevor May,95.5,96.6,,83.9,87.6,78.8,,
Derek Law,94,,,84.4,85.8,76.6,,
Joakim Soria,92.6,93.6,,82,87.5,73.2,,
Reyes Moronta,97.2,,,83.4,89.8,,,
Luke Weaver,93.8,96,87.5,,84.5,81.4,,
Alex Young,89.8,89,84.8,,84.5,81.4,,
Josh James,97.2,,,84.5,89,81.6,,
Chad Bettis,93,93.1,88.7,,87,77.3,,
Nick Kingham,91.9,90,90.6,82,85.1,80.1,,
Steve Cishek,90.5,90.6,,78.9,84.2,,,
Josh Hader,95.5,94.3,,82.2,86.8,,,
Josh Tomlin,89.5,88.5,87,,84.7,76.7,,
Hector Neris,94.4,94.7,,,,,87,
Cam Bedrosian,92.9,,,83.2,,,86.1,
Noe Ramirez,89.1,,,,84.1,77.7,,
Raisel Iglesias,95.3,95.3,,84,88.9,,,
John Gant,96,95.8,90.2,,83.1,77.1,,
Edwin Diaz,97.4,95.9,,89.4,,,,
Yusmeiro Petit,89.2,,85.5,,81.5,76.4,,
Dario Agrazal,90.7,91.1,,83,85.6,,,
Mark Melancon,92.1,,91.7,,,82.1,83,
Adam Conley,95.4,,,86.2,86.5,83.1,,
Ian Kennedy,94.4,,91.4,,87.9,80.5,,
Joe Ross,94.1,93.9,,88.1,87.8,81.3,,
Pedro Baez,95.8,96,,86.4,86.2,,,
Nick Anderson,96,,,,,83,,
Diego Castillo,98.2,98.3,,88.9,,,,
Nathan Eovaldi,97.5,95.3,93.2,84.5,,80.7,88,
Sean Doolittle,93.5,,,80.7,,,83.7,
Giovanny Gallegos,93.7,,,85.3,87.2,,,
Kirby Yates,93.4,,,85.2,,,86.3,
Joe Jimenez,95.1,,,86.2,89.2,,,
Shawn Armstrong,93.3,,89.7,82.8,,,,
Emilio Pagan,95.4,,87.5,,,80.3,,
Jerad Eickhoff,89.4,89.7,,83.8,,74.6,,
Javy Guerra,92.8,,,85.2,83.5,79,,
Dinelson Lamet,95.8,96,,86,92.1,85.3,,
Blake Treinen,97,96.5,93.2,88.5,,,,
Dan Straily,90.2,91.3,,83.6,84,76.1,,
Will Smith,92.7,,,81.7,87.2,77.4,,
Matt Albers,93.2,92.6,,83.4,83.7,,,
Gregory Soto,95.7,95.3,,84.8,88.3,,,
Luis Garcia,97.1,96.8,,85.2,,,86.5,
Paul Fry,90.6,,,83.9,87.7,,,
Dylan Covey,94.2,94.4,90.9,83.4,85.7,81.8,,
Yimi Garcia,94.2,93.6,,86.7,87.3,83.2,,
Jace Fry,92.9,92.3,88.3,,86.1,78.4,,
Mychal Givens,95.2,,,87,84.7,,,
Ross Detwiler,91.7,90.7,88.7,84.1,84.8,78.2,,
Matt Harvey,93.2,94.5,,87.2,85.7,81.4,,
Aroldis Chapman,98,100.1,,85.2,88.1,,,
Lou Trivino,97.4,97.4,92.1,,87.6,79.8,,
Colten Brewer,94.8,,93.3,88.3,89.3,82.1,,
Taylor Rogers,94.6,94.8,,82.7,,80.1,,
Brad Hand,92.7,91.9,,81.1,,,,
Jared Hughes,92.6,91.1,,84.4,84.7,80.6,,
Kyle Crick,95.3,94.8,,81.5,87.1,,,
Felix Hernandez,90,89.4,,83.7,84.8,79.3,,
Brad Brach,94.1,92.5,91,85.3,86.6,,,
Nick Margevicius,88.2,,,80.2,78.9,70.8,,
Felipe Vazquez,98.5,97.7,,86.8,88.6,82.5,,
Alex Claudio,85.5,85.6,,76.6,73.2,69.9,,
Michael Feliz,95.1,,,81.7,86.1,,,
Jeff Hoffman,93.8,,,83.7,84.3,77.3,,
Josh Osich,94.4,94.6,89.2,79.3,84.4,,,
Blake Parker,91.2,,88,,,75.9,79.9,
Jeurys Familia,95.9,96,,88.2,,,92,
Trevor Gott,94.7,94.4,,86,89,81.1,,
Tim Mayza,93.6,94.3,,87.8,,,,
Tommy Kahnle,96.4,,,83.4,90.1,,,
Brett Martin,94,93.4,,84.9,,80.8,,
Aaron Bummer,95,95.6,88,85,89.4,,,
Robert Stephenson,94.8,,,84.4,87,,,
Sergio Romo,86.5,86.2,,77.3,80.2,,,
Kenley Jansen,93.2,,91.7,82,,,,
Nick Wittgren,92.3,,,83.6,85.6,78.4,,
Scott Oberg,94.3,95.2,,85.6,87.9,,,
Kyle Ryan,89.8,89.2,87.2,,84.3,79.7,,
Amir Garrett,95.8,95.1,,85.8,,,,
Luis Perdomo,95.1,94.1,,86.6,,,88.4,
Zack Britton,,94.7,,80.7,,,,
Hector Rondon,96.6,96.5,,86.8,90.6,,,
Robbie Erlin,90.6,90.4,,88.2,83.4,76.2,,
Ryan Brasier,96,96.1,,85.1,87.3,,,
Jose Alvarez,91.4,91.2,86.9,83.1,81.8,81.6,,
Manny Banuelos,92.1,91.6,,85.4,82.7,78.9,,
Erik Swanson,92.6,,,85.4,85.7,,,
Chi Chi Gonzalez,92.2,91.5,86.8,82.2,86.7,,,
Shane Greene,93.9,92.6,87.7,80.3,85.4,,,
Hector Velazquez,92.3,91.2,,82.9,86,75.3,,
Matt Wisler,92.9,92.8,,83.5,,75.3,,
T.J. McFarland,89.2,89.4,,81,81.9,,,
Chaz Roe,92.1,92.1,87.3,81,,74.8,,
Shelby Miller,94.3,94.2,88.6,,86.7,79.4,,
Tyler Duffey,93.8,93.9,,83.5,86,76,,
Will Harris,92,,91.2,,,81.3,,
Jeremy Jeffress,94,93.7,,,,81,90.2,
Corbin Burnes,95.2,95.7,92.6,87.9,90.8,80.9,,
Tyler Clippard,90.1,89.9,,,78.5,74.4,82.1,
Andrew Chafin,93.6,93.8,,84.4,,,,
Joe Kelly,97.5,98.4,,,87.6,87.2,,
Yoshihisa Hirano,91.1,,,73.5,,,83.8,
Sam Dyson,94,93.8,91.1,82.8,87.3,,,
Trey Wingenter,96,,,85.8,,,,
Roberto Osuna,96.7,96.1,91.8,88.2,84.5,83.4,,
Rich Hill,90.5,88.1,84.8,73.4,82.1,74.7,,
Andrew Miller,92.4,94.3,,82.3,84.2,,,
Tayron Guerrero,98.9,99.6,,87.3,,,,
Alex Colome,94.5,,90.4,,91.2,,,
Cory Gearrin,91,91.3,,85.3,85.3,,,
Chris Martin,95.9,95.3,91.6,86.1,89,,,
Brandon Kintzler,92.9,92.5,,86.7,87.5,,,
Daniel Ponce de Leon,93.3,,89.1,84.4,83.1,77.8,,
Tony Watson,94.2,93,,85.6,86.1,,,
Anthony Swarzak,93.6,92.8,,86.3,,,,
Juan Nicasio,93.8,93.1,,86.7,,,,
Oliver Drake,93.5,,,,,,83.8,
Kelvin Herrera,96.2,95.3,91.8,81.6,88.5,,,
Wade Davis,93.4,92.8,88.9,,90.5,82.8,,
Roenis Elias,93.9,93.7,,,86.6,77.5,,
Justin Anderson,94.6,94.7,,84.4,87.9,,,
Matt Magill,95.2,,94.6,88.4,89.7,85.8,,
Ryne Harper,89.3,,87.7,,76.1,74.1,,
Taylor Cole,93.2,,92.6,87.6,86.8,82.1,,
Josh Taylor,94.8,94.9,,87.5,88.6,79.9,,
Drew VerHagen,93.7,92.8,,84.8,89.1,78.4,,
Yoan Lopez,96.3,,,84.1,91.5,,,
Tyler Webb,89.9,89.6,,,79.6,76.8,,
Clay Holmes,93.9,94.3,86.3,86.7,86.9,81.6,,
Austin Brice,93.1,93.3,,,87.1,81.7,,
Touki Toussaint,93.7,93.2,,,,77.5,86.4,
David Hernandez,93.6,93.4,85.9,,88,82,,
Kevin McCarthy,89.1,91.1,,83.3,83.9,82.3,,
Tyler Kinley,94.9,,,88.3,,,,
Colin Poche,93,,,,,84.2,83.2,
Jimmy Yacabonis,93.2,93.7,,82.7,87,,,
Adam Kolarek,91.6,88.9,83,75.6,81.4,,,
Tanner Rainey,97.7,,,87.1,90.9,,,
Jairo Diaz,97.3,96.8,,88.3,,,,
Caleb Ferguson,94.5,,,,85.8,76.2,,
Ryan Pressly,95.7,,,90.3,,83.1,,
Adam Cimber,85.8,84.8,,75.3,,,87.4,
Jefry Rodriguez,93.9,93.5,,,87.8,81,,
Tyler Glasnow,96.7,,,,92.6,83.3,,
Clayton Richard,91,90.2,,79.6,82,,,
Ken Giles,96.9,97.9,,86.5,,,,
Brendan McKay,93.6,,89.1,,86.3,81.7,,
Fernando Rodney,94.3,93.5,,86.2,82.9,,,
Matt Grace,,91.2,88.9,83.4,85.3,77.8,,
Aaron Civale,92.5,92.8,88.1,83.8,84.3,75.9,,
Ryan Buchter,92.5,,89.6,,,77.7,,
Carlos Rodon,91.4,95.3,,83.8,84.1,,,
Andrew Kittredge,95.2,94.8,,88.3,85.7,,,
Austin Pruitt,91.9,91,,87.4,86,81.6,,
Jonathan Holder,92.1,,85,80.9,86,,,
Blaine Hardy,88.2,88.8,86.1,,79.2,76.5,,
Ryan Carpenter,90,89.8,,81.5,83.3,76.1,,
Heath Hembree,93.6,,,87.5,,81.8,,
Shawn Kelley,91.9,,,82.4,,,,
Jarlin Garcia,93.2,,,84.4,86.9,,,
Evan Marshall,93.7,93.4,,,87.6,83.2,,
Jose Ruiz,96.5,,,88.3,87,82.4,,
Hunter Wood,93.5,,,86.5,86.2,76.6,,
Jeremy Hellickson,88.6,88.7,85.7,,79.8,73.7,,
Wily Peralta,94.3,94.9,,82.1,84.8,74.7,,
Brian Johnson,88.9,89.5,,77.9,84.1,75.1,,
Ranger Suarez,92.8,91.9,,84.8,84.8,,,
Nick Goody,92.6,,,82.3,,,,
Tyler Alexander,90.7,90.6,,85.4,84.4,80.8,,
Dylan Floro,94,93.7,,88.1,87.2,,,
Kyle Barraclough,93.4,,,82.5,87.2,80.4,,
Luke Bard,94,94,,85.8,87.1,,,
Darwinzon Hernandez,95.4,97.6,,82.7,,76,,
Carlos Martinez,96.4,94.2,93.9,85.8,88,,,
Anthony Bass,95.3,95.3,,87.2,,,86.7,
Clay Buchholz,89.6,89,84.5,,76.6,75,,
Richard Bleier,85.8,88.9,87.4,79.3,81.3,,,
Nick Vincent,88.9,89.7,86.9,83.5,83.7,,,
Brandon Brennan,94.3,94.7,,86.9,84.6,,,
Mike Morin,91.6,91.1,,81.7,72.7,,,
Victor Alcantara,,93.4,,89.2,88.1,,,
Casey Sadler,93.3,93.3,90.2,,86.8,81.8,,
Corey Kluber,92,91.3,88.1,,84.9,82.9,,
Sean Reid-Foley,92.5,93,,83.7,85.6,80.7,,
Jake McGee,93.5,,,80.5,,,,
Tom Eshelman,85.5,85.6,,80.8,78.7,76.2,,
Branden Kline,96.3,,,86.7,87.7,,,
Edgar Garcia,93.8,94.4,,87.2,89.1,,,
Pedro Strop,93.5,93.6,88.5,83.3,,,88.7,
Oliver Perez,91.5,91.8,,78.5,,,,
Jesse Biddle,93.8,93.2,,87.1,,77.2,,
Justin Shafer,94.3,93.1,90.2,85.6,,,,
Greg Holland,91.6,,,84.3,83.8,77.5,,
Tyson Ross,89.6,89.8,89,83.6,,,,
Jeffrey Springs,,92.1,,83.8,80.2,,,
Lucas Sims,93.4,95.3,,83.4,86.3,81.6,,
Ryan Weber,88.4,89.3,,85.6,81.5,77.5,,
A.J. Minter,96,94.2,91.5,86.3,86.1,,,
Jose Alvarado,98,98.1,92.4,,,86.8,,
Alex Wood,,89.9,,,83.6,81.4,,
Adalberto Mejia,93,92,,84.5,81.2,,,
Devin Smeltzer,89.1,,,83.2,82.8,76.8,,
Justin Wilson,95,,90.1,83.7,,,,
Wandy Peralta,95.7,95,,87.5,87.3,,,
Dominic Leone,94.2,93.3,89.4,83.3,88.1,,,
Mike Wright,93.3,92.3,,88.7,83.9,82.9,,
David Hale,93.6,93,,,82.1,82,,
Kolby Allard,92.5,,88.1,,81.2,77.6,,
Jose Quijada,93.2,,,,85.4,80.3,,
Phil Maton,90.9,,84.3,,,77.4,,
Mitch Keller,95.5,,,87.7,91,81.2,,
Geoff Hartlieb,96.6,95,,85.3,90.3,,,
Jose Urquidy,93.2,,,82.8,84.1,79.1,,
Elvis Luciano,94.1,,,84.4,87.8,,,
Jameson Taillon,94.7,94.9,,88.7,88,82.1,,
Adam Warren,91.4,91.7,,85.5,84.9,78.8,,
Cole Irvin,89.4,,,84.1,83.2,76.2,,
Josh A. Smith,91.3,91.7,89.5,86.9,81.7,77.8,,
Tony Gonsolin,93.7,,,87.9,,80.6,86.6,
Jeff Brigham,96.5,,,,,82.8,,
Tyler Olson,87,87.7,,,81.5,73.4,,
Jose Cisnero,96.5,95.9,,86.5,90.8,,,
Jacob Barnes,93.6,,88.2,82.1,,,,
Patrick Sandoval,93.1,,,86.3,83.6,77.6,,
Jacob Webb,95.1,,,,85.8,81.6,,
Jon Duplantier,92.2,92.1,,83.5,84,78.6,,
Luis Avilan,,90.4,,,82.3,75.6,,
Chad Sobotka,96,96.1,,84.8,87.3,,,
Ty Blach,,90.2,84.4,81.9,79.9,77.1,,
Tim Hill,90.6,90,,78,,,,
Brian Flynn,90.7,90.3,,82.4,82.6,,,
Jesus Tinoco,94.3,93.7,,87.2,90.4,81.9,,
Brad Wieck,93.8,,,84.1,,74.9,,
David Phelps,92.5,92.2,89.3,,85.1,79.8,,
Hector Santiago,91.9,92.5,,85.1,83.9,74.4,,
Daniel Stumpf,92.1,,,81.5,85.9,,,
Yency Almonte,95.7,94.7,,86.1,89.1,,,
Wes Parsons,94,93.3,,86,87.1,,,
Cody Allen,92.2,,,,,82.6,,
Austin Adams,95.1,95.6,,89.4,,,,
Brad Boxberger,90,,,85.3,78.2,,,
Carson Fulmer,93.6,,87.9,,86.4,82.8,,
A.J. Cole,94.4,,,83.8,86.5,78.8,,
Jerry Blevins,88.7,,,,82.9,72.3,,
Wei-Chung Wang,91.4,90.6,,84.5,83.6,78.8,,
Juan Minaya,93.4,,87.7,84.4,88.1,83.6,,
Evan Phillips,94.1,94,,84.4,85.8,,,
Ryan Helsley,97.7,,88.9,,87.7,80.9,,
Dustin May,95.5,95.8,90.6,,86.8,83,,
Chance Adams,91.7,93,,83.7,86,79,,
Jake Newberry,93.9,90.8,,83.6,87,,,
Seranthony Dominguez,97.3,98.3,,89.5,91.1,,,
Adam Morgan,92.7,92.4,,81.3,83.5,77.2,,
Jay Jackson,94.3,,,85.8,87.2,,,
Neil Ramirez,94.4,,,84.6,,79.4,,
Rowan Wick,95.7,,91.2,83.5,,76.7,,
Jonathan Loaisiga,96.5,97.2,,,89.4,83.9,,
Austin Voth,92.9,,,86.9,86,79.8,,
Logan Allen,92.6,,,83.5,82.4,76.6,,
Hector Noesi,,93,,88.1,86.1,80.2,,
Jordan Hicks,100.9,101.1,,87,91,,,
Andrew Suarez,92.6,92.9,,83.9,86.9,76,,
Kyle Dowdy,95.2,,,87.1,85.4,78.1,,
Justus Sheffield,93,,,84.2,88.1,79.4,,
Zack Littell,93.6,91,,86.5,84.8,74.1,,
Tyler Anderson,91.2,91.4,87,,80,73.4,,
Connor Sadzeck,96.4,94.3,,89.9,90.6,,,
J.B. Wendelken,94.8,93.3,,84.3,86.3,80,,
Tanner Anderson,92.2,92.6,88.8,84.9,87.5,,,
Keone Kela,96.1,,,,90.2,81.8,,
Zac Reininger,94.4,92.8,,83.5,83.9,80.3,,
Matt Shoemaker,90.3,90.5,,81.7,,76.4,84.3,
Matt Bowman,92.4,91.3,93.3,88.7,,80.3,81.3,
Pedro Payano,,93.5,,84.2,83.2,79.8,,
Stephen Tarpley,92.6,92.4,,81.7,88.3,76.9,,
Jimmy Cordero,97.5,97.4,90.2,83.4,88.3,,,
Trevor Rosenthal,98,98.3,,88,87.6,,,
Taylor Guerrieri,93.4,93.8,87.7,,86.8,80.3,,
Logan Webb,93.1,91.5,,81.8,85.1,,,
Andres Munoz,100,101.2,98.9,86.3,,,,
Michel Baez,96.1,,,,86,81.4,,
Zach Duke,87.7,89,,80.4,,74.1,,
Drew Gagnon,92,,,84.4,82.1,79.1,,
Dan Otero,88.6,89.1,,78.9,82.2,,,
Tyler Thornburg,93.7,,,,85.5,78.3,,
Matt Festa,92.6,92,92.1,86.2,,81.7,,
David McKay,,93.7,,,,78.2,,
Travis Bergen,90.5,,,,86,78.5,,
Richard Lovelady,93.4,94.3,,87.3,89.3,,,
Corbin Martin,95.2,,,89,87.3,83.6,,
Seunghwan Oh,91.1,,82.2,82.7,82.5,73.4,,
Zac Rosscup,92.4,92.3,,86.2,,,,
Mike Shawaryn,91.9,88.2,,85.2,84.6,81,,
Matt Koch,92.3,,88.9,,85.5,79.9,,
Brock Burke,91.8,90.9,,84,85.2,79.9,,
Tony Sipp,90.4,,,83.2,,,78,
DJ Johnson,93.1,,91.7,,83.9,82.5,,
Rafael Montero,95.7,95.2,,85.1,89.6,,,
Tanner Scott,95.7,,,88.4,,,,
Yefry Ramirez,93.1,,,87.1,87,,,
Matt Hall,90.7,,84,81.8,82.3,76.9,,
Sam Coonrod,96.6,96.3,,,88.8,86.3,,
Ryan Burr,95,,87.3,83.1,,,,
Bryse Wilson,94.7,92.9,,86.6,84.9,79.8,,
Tim Melville,89.5,,,83.2,82.3,75.3,,
Kyle Zimmer,96.5,,,85.3,87.9,79.7,,
Stefan Crichton,93.6,92.9,,,87.3,78.9,,
Dan Winkler,92.1,89.6,90.4,,,83.3,,
Alex McRae,92.5,92.7,,87.4,86.1,79.8,,
Tyler Bashlor,95.6,,,82.1,87.4,,,
Craig Kimbrel,96.2,,,,,86,,
Carl Edwards Jr.,93.9,91.2,,,87.8,79.2,,
Cy Sneed,92.5,92.6,91.2,81.7,79.6,79.2,,
Parker Markel,95.8,95.3,,83.1,84.9,,,
Robert Dugger,90.5,89.8,,79.2,80,73.2,,
JD Hammer,94.4,,,84.5,,,,
Kohl Stewart,91.9,91.5,,85,85.3,76.9,,
Aaron Wilkerson,89.8,,,82.7,83.2,74.5,,
Marco Estrada,87.3,,83.8,,75.7,75.4,,
Rogelio Armenteros,90.9,,,84.3,82.7,78.8,,
Gerardo Reyes,97,97.4,,86.8,,82.3,,
Montana DuRapau,92.2,,86.3,,85.3,81.2,,
Travis Lakins,93.7,,90.5,,87.4,81.8,,
Brock Stewart,91.7,91.6,,83.4,82.9,,,
Jimmy Nelson,91.7,92.8,,85.3,86.8,82.7,,
Reed Garrett,95.7,,90.5,85.2,,,88,
Alec Mills,89.1,89.6,,78.1,80.6,67.8,,
Jake Faria,93.8,,,84.8,,,82.8,
Jake Jewell,94.2,94.2,,84.6,88.6,,,
Austin Adams,96.2,,,86.8,89.9,,,
Heath Fillmyer,91.7,90.5,,83.1,85.4,78.3,,
Lewis Thorpe,91.4,,,85.3,84.3,73.8,,
Tayler Scott,94.7,94.5,,89,,,,
Mike Mayers,94.7,,,85.6,89.2,76.6,,
Burch Smith,92.7,92,,85.7,82.2,78.3,,
Kyle Wright,94.7,93.9,,86.6,85.5,80.6,,
Austin Davis,93.4,,,84.6,84.3,82.6,,
Mike Dunn,91.4,91.5,,85.2,,74.8,,
Kyle McGowin,91.5,90.9,,83.5,84.4,79.9,,
Jason Adam,94.5,,,,89.2,78,,
Walker Lockett,92.5,92.1,,,86.2,79.9,,
Phillips Valdez,91.7,92.2,,84.7,84.8,,,
JT Chargois,95.5,96.2,,86.8,,,,
Sam Tuivailala,93.6,93.4,,86.5,,78.8,,
Reggie McClain,,93.6,,84,87.7,,,
Buddy Boshers,,92.8,,,84.8,80.5,,
Pat Neshek,,88.5,87.9,81.6,63.4,,,
Conner Menez,91.2,,,84.4,82.8,80,,
Cody Stashak,91.6,,,82.2,85,,,
Scott Alexander,,92.8,,84.2,87,,,
Joe Smith,89.1,87.4,,79.5,,,,
Trevor Hildenberger,91,87.6,,76.7,77.1,,,
Justin Miller,92.2,92.1,,85.8,88.7,,,
Kevin Ginkel,93.4,,,83.3,83.7,,,
Paul Sewald,90.8,88.4,,81.3,81,,,
Chris Flexen,94.3,94.5,,88.1,83.6,78.1,,
Josh Lucas,90.3,89.7,,83.3,,81.5,,
Nick Tropeano,90.8,90.1,,78.9,81.6,,82.8,
Jeanmar Gomez,91,91.1,,83.8,84.5,75.4,,
Jandel Gustave,96.1,96,,85.6,,,,
Josh Staumont,95.9,95.6,95,,,81.4,,
Sam Howard,92.6,,,85.3,,,,
Josh Rogers,89.4,87.8,,80.3,82.3,77.8,,
Emmanuel Clase,99,,99.1,90.4,,,,
Edubray Ramos,91.4,,,80.6,89,,,
Odrisamer Despaigne,93,92.5,86.9,80.9,78.5,73.1,,
Ryan Tepera,93.4,93.7,88.2,82.8,85.4,,,
Ervin Santana,90,90.1,,82.2,83.4,,,
Genesis Cabrera,96,95.3,,82.2,88.4,,,
Chasen Bradford,90.6,89.9,,84.7,84.4,,,
Peter Fairbanks,97.3,,,89,,,,
Kyle Bird,91.3,91.2,,79.9,,,,
Dillon Tate,93.6,93.6,,85,84.8,83.9,,
Drew Steckenrider,94.7,,,,,82.6,,
Edinson Volquez,93.9,92.8,,,82.7,80.4,,
Hunter Strickland,95.6,95.6,,83.5,89.5,,,
Joe Harvey,95.4,,,87.1,90.3,,,
Robert Stock,97.9,97.7,,82.8,84.9,,,
Alex Cobb,92.3,,,,,82.5,86.5,
Adbert Alzolay,94.3,,,,85.2,79.7,,
Chris Mazza,90.6,92.1,88.2,81.6,84.9,,,
Taylor Williams,95.2,95.3,,86,89.6,,,
Zac Grotz,92.1,91,,87.7,,81,82.2,
Jimmie Sherfy,92.8,,,78.5,85.6,71.4,,
Dovydas Neverauskas,95.8,,91.8,,91.3,84.2,,
Joe Palumbo,93.8,,,,86.8,78.9,,
Ian Gibaut,95.2,,,87.9,85.7,,,
Nate Jones,,94.9,,87.1,87.7,,,
Harrison Musgrave,91.7,90.7,,81.3,80.4,,,
Eric Skoglund,89.7,89.5,,,83.2,76.8,,
Alex Wilson,91.6,91.4,86.1,85.7,88.8,,,
Randy Dobnak,93.3,92.1,,,85.6,83.5,,
Ryan Dull,91.1,,,83.1,85.8,,,
Dan Altavilla,96.5,,,88.1,,,,
Dillon Maples,96.9,,,89.6,,84.8,,
Gerson Bautista,97.7,,,86,86,,,
Josh D. Smith,90.9,90,,80.6,84.6,,,
R.J. Alaniz,94,93.5,,85.8,86.6,83.4,,
Jonny Venters,93.1,93.1,,84.7,86.7,,,
Cody Anderson,94.4,,93.7,,86,82.4,,
Rookie Davis,91.4,91.3,87.2,82.6,83.8,81,,
Ray Black,98.1,,,85.8,,,,
Eduardo Jimenez,93.4,93.2,,84.3,86.7,,,
Ronald Bolanos,94.6,94.1,,83.9,85.3,76.3,,
Devin Williams,96.2,95.9,,86.6,85.9,,,
Fernando Romero,96.2,96.5,,87.6,,,,
Shane Carle,94.6,,,88.9,88.3,81.1,,
Paul Blackburn,89.8,90.5,,86.4,84.7,78.5,,
Sean Manaea,90.3,,,79.4,82.4,,,
Enyel De Los Santos,93.3,,,82.3,85.7,78.8,,
Jordan Romano,94.8,97.2,,85.1,,,,
Allen Webster,94.4,93.8,,88.1,87.8,,,
Randy Rosario,94.3,93.7,,87.2,,80.5,,
Thyago Vieira,97.5,95.5,,86.7,87.4,77.3,,
Jonathan Hernandez,96.3,96.8,,88.4,88.9,,,
Cionel Perez,95.2,,,82.9,87.8,73.6,,
Jose Rodriguez,93.5,93.8,,84.4,85.9,80.2,,
Sal Romano,95.9,95.9,,87.5,,82.7,,
Nick Burdi,96.9,,,87.8,,,,
Bobby Poyner,89.6,,,83,82.6,77,,
Tim Collins,92.1,,,88.8,,75.1,,
Ryan Borucki,,91.9,,83.8,82.6,,,
Adrian Morejon,96.3,96.1,,,85.4,81.7,,
T.J. Zeuch,90.5,92.1,,83.5,82.8,75.7,,
Matt Carasiti,,95.4,90.7,,88.3,,,
Brian Schlitter,93.4,93,86.6,,,,,
Locke St. John,89.7,89.4,,77.9,81.7,,,
Grant Dayton,90.2,,90,90.8,,75.4,,
Jon Edwards,93.4,,,86,,80.2,,
Junior Fernandez,,96.8,,87,86.1,,,
Tim Peterson,90.2,89.8,,82.1,83.1,,,
Jeremy Walker,92.6,92.1,,,87.1,81.7,,
Stephen Nogosek,95.1,93.8,,84.3,87.1,,,
Kyle Keller,94.4,,95,84.9,,81.8,,
Corey Oswalt,91.6,91.3,,85.2,85,80.1,,
David Robertson,92.3,,91.7,84.6,,83.2,,
Brooks Pounders,91.7,,,86.2,84.9,,,
Sean Poppen,,94.6,,84.4,84,,,
Dan Jennings,91.7,91.2,,82.8,,,,
Ryan Eades,92.2,,,84,82.9,,,
Joel Kuhnel,96.1,95.3,,85.8,89.1,,,
Duane Underwood Jr.,95.3,89.6,,,88.6,82.8,,
Steven Wright,82.8,82.3,,,,68.6,,74.8
Taylor Guilbeau,94.6,94.5,,87.1,87.4,,,
Hunter Harvey,98.3,,,,89.7,83.3,,
Daniel Zamora,88.6,,,78.2,84.1,,,
Jacob Rhame,94.9,,,86.6,,,85.2,
Brent Suter,87.5,87.5,,,80.4,74.4,,
Miguel Del Pozo,94.8,,,,88.1,82.7,,
Jake Petricka,93.2,93.1,,83.9,87.6,,,
Williams Jerez,94.2,,,87.7,85.6,,,
John Schreiber,91.7,91,,,86.7,78.8,,
Matt Moore,92.9,,88.5,,83.6,81.7,,
Carlos Torres,91.2,90.7,89.6,80.1,,79.5,,
Brady Rodgers,91.2,85.4,93.8,80.1,84.4,78.2,,
Wei-Chieh Huang,92.9,,,83.9,82.9,75.5,,
Reymin Guduan,95.6,,,85.9,,,,
Fernando Abad,91.7,93.2,,,74.3,78.6,,
Sam Selman,90.2,,,79.4,,,,
Tyler Lyons,89.7,89.8,,79.8,83.7,,,
Yacksel Rios,95.9,95.6,,86.5,87.9,83,,
JC Ramirez,91,,,84.8,86.1,78,,
Chandler Shepherd,92.2,,,85.7,85.9,81.2,,
Luis Escobar,95.2,94.9,,,84.2,78.6,,
Drew Anderson,92.1,92.2,89.1,,85,75.4,,
Josh Sborz,95.2,,,86.2,,78.6,,
Luke Gregerson,86.8,86.4,,78.8,80.6,,,
Dennis Santana,,92.6,,80.7,83.9,,,
Donnie Hart,,86.8,,76.7,80.5,,,
Ryan Feierabend,85.6,,,,76.7,,,74.7
Robby Scott,88.4,87.4,,78.3,82.3,74.9,,
Matt Wotherspoon,90.9,,,82.1,84.1,,,
Miguel Diaz,94.7,,,88.7,87.3,84.9,,
Tyler Rogers,82.6,81.9,,,,72.4,,
