"Name","Team","W","L","SV","G","GS","IP","K/9","BB/9","HR/9","BABIP","LOB%","GB%","HR/FB","ERA","FIP","xFIP","WAR","playerid"
"Max Scherzer","Nationals","9","5","0","19","19","129.1","12.60","1.60","0.63",".322","80.7 %","42.1 %","8.0 %","2.30","2.02","2.82","5.6","3137"
"Lance Lynn","Rangers","12","5","0","20","20","128.0","9.84","2.04","0.77",".333","72.8 %","42.6 %","8.6 %","3.87","2.92","3.77","4.5","2520"
"Charlie Morton","Rays","11","2","0","20","20","118.2","11.22","2.81","0.68",".280","80.8 %","51.8 %","11.0 %","2.35","2.79","3.17","3.7","4676"
"Gerrit Cole","Astros","10","5","0","21","21","129.2","13.47","2.29","1.46",".300","79.7 %","41.6 %","20.8 %","3.12","3.14","2.57","3.6","13125"
"Stephen Strasburg","Nationals","11","4","0","19","19","122.1","10.59","2.21","0.96",".285","73.6 %","52.4 %","14.8 %","3.46","3.12","3.16","3.4","10131"
"Hyun-Jin Ryu","Dodgers","10","2","0","18","18","116.0","8.15","0.85","0.78",".273","86.3 %","51.9 %","12.3 %","1.78","2.84","3.09","3.4","14444"
"Lucas Giolito","White Sox","11","4","0","18","18","106.0","10.61","3.31","0.76",".269","74.0 %","38.5 %","8.7 %","3.23","3.15","3.96","3.4","15474"
"Jacob deGrom","Mets","5","7","0","19","19","115.0","11.27","2.19","1.10",".310","80.3 %","42.6 %","13.6 %","3.21","3.13","3.31","3.3","10954"
"Zack Greinke","Diamondbacks","10","4","0","20","20","128.0","8.02","1.13","0.91",".267","76.6 %","43.7 %","11.5 %","2.95","3.20","3.62","3.2","1943"
"Shane Bieber","Indians","8","3","0","20","19","118.2","11.38","1.82","1.29",".280","74.9 %","46.4 %","17.3 %","3.49","3.28","3.05","3.2","19427"
"Brandon Woodruff","Brewers","11","3","0","19","19","114.2","10.44","2.12","0.86",".319","75.3 %","43.9 %","11.5 %","3.53","2.98","3.38","3.2","16162"
"Matthew Boyd","Tigers","6","7","0","19","19","114.0","12.00","1.89","1.50",".319","76.6 %","37.1 %","16.1 %","3.95","3.48","3.35","3.0","15440"
"Jose Berrios","Twins","8","5","0","19","19","122.0","8.11","1.92","1.11",".282","77.4 %","40.7 %","10.9 %","3.10","3.80","4.42","3.0","14168"
"Patrick Corbin","Nationals","7","5","0","19","19","119.1","10.48","2.64","1.06",".290","73.9 %","46.7 %","12.8 %","3.39","3.34","3.62","2.9","9323"
"Mike Minor","Rangers","8","4","0","19","19","122.0","8.93","3.25","0.96",".273","85.4 %","43.8 %","10.6 %","2.73","3.82","4.43","2.9","10021"
"Frankie Montas","Athletics","9","2","0","15","15","90.0","9.70","2.10","0.70",".302","74.6 %","50.8 %","10.1 %","2.70","2.90","3.41","2.9","14309"
"Walker Buehler","Dodgers","8","1","0","18","18","110.0","9.82","1.39","1.15",".275","66.7 %","42.2 %","13.1 %","3.44","3.18","3.44","2.8","19374"
"Chris Sale","Red Sox","3","9","0","19","19","111.2","12.90","2.18","1.37",".316","68.4 %","43.2 %","17.5 %","4.27","3.38","3.11","2.7","10603"
"Mike Soroka","Braves","10","1","0","16","16","96.1","7.66","2.06","0.37",".272","78.1 %","57.0 %","6.9 %","2.24","2.95","3.60","2.7","18383"
"German Marquez","Rockies","8","5","0","21","21","130.0","8.86","1.94","1.32",".323","64.7 %","50.7 %","17.9 %","5.12","3.91","3.62","2.7","15038"
"Zack Wheeler","Mets","6","6","0","19","19","119.0","9.83","2.57","1.21",".313","65.9 %","44.5 %","13.7 %","4.69","3.66","3.85","2.6","10310"
"Justin Verlander","Astros","11","4","0","20","20","132.2","10.85","1.90","1.76",".186","88.6 %","34.3 %","17.7 %","2.98","4.07","3.71","2.6","8700"
"Sonny Gray","Reds","5","6","0","19","19","103.1","10.45","3.14","0.96",".279","75.1 %","55.5 %","15.1 %","3.40","3.35","3.36","2.6","12768"
"David Price","Red Sox","7","2","0","17","17","88.1","10.39","2.45","0.82",".310","72.5 %","42.9 %","9.9 %","3.16","3.00","3.63","2.6","3184"
"Kirby Yates","Padres","0","2","31","40","0","42.0","14.36","1.93","0.21",".293","81.5 %","50.0 %","3.4 %","1.07","1.19","2.24","2.5","9073"
"Luis Castillo","Reds","9","3","0","19","19","112.0","10.77","4.50","0.80",".236","83.1 %","55.9 %","14.5 %","2.41","3.67","3.73","2.3","15689"
"Cole Hamels","Cubs","6","3","0","17","17","99.2","8.76","3.16","0.81",".284","78.8 %","51.1 %","10.7 %","2.98","3.59","4.08","2.3","4972"
"Marcus Stroman","Blue Jays","5","10","0","19","19","110.2","7.16","2.77","0.81",".296","72.4 %","57.9 %","11.5 %","3.25","3.72","4.10","2.3","13431"
"Trevor Bauer","Indians","8","7","0","21","21","138.0","10.43","3.52","1.30",".268","75.3 %","39.0 %","14.5 %","3.65","4.26","4.35","2.2","12703"
"Noah Syndergaard","Mets","7","4","0","18","18","112.2","8.79","2.40","1.12",".309","67.0 %","48.0 %","13.2 %","4.55","3.81","4.05","2.2","11762"
"Clayton Kershaw","Dodgers","8","2","0","16","16","105.0","8.40","1.54","1.20",".273","79.9 %","52.1 %","16.7 %","3.00","3.62","3.47","2.2","2036"
"Kyle Hendricks","Cubs","7","7","0","17","17","101.1","7.99","1.87","1.07",".290","72.5 %","41.0 %","11.2 %","3.46","3.75","4.29","2.2","12049"
"Jake Odorizzi","Twins","11","4","0","18","18","94.0","9.38","3.06","1.05",".261","79.7 %","32.3 %","9.4 %","3.06","3.77","4.70","2.2","6397"
"Masahiro Tanaka","Yankees","6","5","0","19","19","111.0","7.70","2.03","1.46",".269","75.4 %","47.6 %","16.2 %","3.81","4.34","4.21","2.1","15764"
"Blake Snell","Rays","5","7","0","19","19","95.0","11.94","3.13","1.33",".341","70.3 %","40.2 %","17.3 %","4.55","3.55","3.32","2.1","13543"
"Joe Musgrove","Pirates","6","8","0","20","19","104.1","7.76","2.24","0.95",".296","64.1 %","43.4 %","9.6 %","4.31","3.78","4.57","2.1","12970"
"Martin Perez","Twins","8","3","0","19","16","101.0","7.93","3.65","0.71",".296","66.5 %","49.5 %","9.9 %","4.10","3.79","4.34","2.1","6902"
"Jon Gray","Rockies","9","7","0","21","20","120.1","9.27","3.37","1.27",".325","77.3 %","48.6 %","18.7 %","4.11","4.19","3.84","2.1","14916"
"Jose Quintana","Cubs","7","7","0","19","18","107.0","7.40","2.69","1.01",".308","70.0 %","44.4 %","11.5 %","4.21","3.92","4.39","2.1","11423"
"Marco Gonzales","Mariners","10","8","0","21","21","120.2","6.49","2.46","1.04",".304","63.3 %","39.1 %","9.0 %","4.48","4.23","5.27","2.0","15467"
"James Paxton","Yankees","5","4","0","16","16","82.1","11.15","3.50","1.31",".357","78.3 %","38.9 %","14.5 %","3.94","3.83","3.93","2.0","11828"
"Domingo German","Yankees","11","2","0","15","14","82.0","9.88","2.09","1.43",".255","77.0 %","40.8 %","15.7 %","3.40","3.81","3.75","2.0","17149"
"Aaron Nola","Phillies","8","2","0","20","20","116.2","10.26","3.70","1.16",".303","79.0 %","48.4 %","16.5 %","3.63","3.99","3.86","2.0","16149"
"Liam Hendriks","Athletics","4","0","6","44","2","52.0","11.25","2.94","0.17",".286","89.4 %","29.9 %","1.7 %","1.21","2.06","4.05","1.9","3548"
"Kyle Gibson","Twins","8","4","0","19","18","98.1","9.06","2.65","1.28",".301","70.7 %","48.6 %","18.9 %","4.03","4.12","3.75","1.9","10123"
"Madison Bumgarner","Giants","5","7","0","20","20","116.2","9.33","1.93","1.31",".314","71.4 %","36.4 %","13.9 %","3.86","3.81","3.98","1.9","5524"
"Spencer Turnbull","Tigers","3","9","0","19","19","98.2","8.03","3.47","0.82",".305","72.1 %","49.0 %","9.7 %","3.65","4.05","4.72","1.8","16207"
"Tyler Glasnow","Rays","6","1","0","8","8","48.1","10.24","1.68","0.56",".276","82.9 %","51.7 %","8.3 %","1.86","2.30","2.97","1.8","14374"
"Tyler Skaggs","Angels","7","7","0","15","15","79.2","8.81","3.16","1.02",".294","68.6 %","37.1 %","11.4 %","4.29","3.85","4.34","1.8","10190"
"John Means","Orioles","7","5","0","19","15","88.2","7.41","2.23","1.22",".253","79.8 %","37.1 %","10.0 %","2.94","4.24","5.15","1.8","16269"
"Luke Weaver","Diamondbacks","4","3","0","11","11","62.1","9.82","2.02","0.87",".301","78.6 %","40.7 %","9.5 %","3.03","3.10","3.85","1.7","16918"
"Chris Paddack","Padres","6","4","0","16","16","90.0","9.50","1.90","1.30",".209","78.4 %","42.5 %","14.1 %","2.70","3.75","3.89","1.7","20099"
"Robbie Ray","Diamondbacks","8","6","0","21","21","117.0","11.69","4.38","1.46",".286","76.1 %","39.6 %","18.4 %","3.92","4.24","3.87","1.7","11486"
"Jon Lester","Cubs","9","6","0","18","18","101.0","8.82","2.05","1.51",".315","74.0 %","43.9 %","15.9 %","3.74","4.24","4.15","1.7","4930"
"Michael Pineda","Twins","6","5","0","18","18","98.2","7.94","1.46","1.46",".293","70.4 %","36.6 %","13.3 %","4.38","4.17","4.46","1.6","5372"
"Pablo Lopez","Marlins","5","5","0","14","14","76.2","8.57","2.11","0.94",".286","67.7 %","48.8 %","11.8 %","4.23","3.57","3.96","1.6","17085"
"Max Fried","Braves","10","4","0","21","19","103.2","8.86","2.69","1.13",".338","76.9 %","53.8 %","20.3 %","4.08","3.86","3.45","1.6","13743"
"Eduardo Rodriguez","Red Sox","11","4","0","20","20","116.0","9.31","2.87","1.40",".308","74.7 %","44.3 %","15.4 %","4.34","4.22","4.20","1.6","13164"
"Tanner Roark","Reds","5","6","0","18","18","97.0","8.81","2.88","1.21",".325","77.4 %","36.3 %","12.7 %","3.99","4.20","4.54","1.6","8753"
"Andrew Cashner","- - -","9","4","0","18","18","101.1","6.04","2.75","1.15",".260","69.9 %","48.9 %","11.7 %","4.09","4.52","5.01","1.6","8782"
"Josh Hader","Brewers","1","3","21","34","0","46.0","16.43","2.54","1.76",".175","93.5 %","22.2 %","20.5 %","2.35","3.02","2.36","1.6","14212"
"Mike Fiers","Athletics","9","3","0","20","20","114.2","5.81","2.43","1.18",".238","76.1 %","38.9 %","10.5 %","3.61","4.62","5.38","1.6","7754"
"Eric Lauer","Padres","5","7","0","17","17","91.1","7.09","2.46","0.89",".304","69.5 %","44.8 %","9.2 %","4.04","3.84","4.68","1.5","19316"
"Brad Keller","Royals","5","9","0","20","20","118.2","6.37","4.17","0.68",".281","72.3 %","51.0 %","9.4 %","4.25","4.40","5.01","1.5","15734"
"Brad Hand","Indians","4","3","25","41","0","39.1","13.73","2.29","0.69",".321","84.2 %","21.4 %","8.3 %","2.29","2.07","2.89","1.5","9111"
"Felipe Vazquez","Pirates","2","1","21","37","0","40.1","14.06","2.45","0.67",".352","86.8 %","40.0 %","9.7 %","2.01","2.10","2.65","1.5","12076"
"Joey Lucchesi","Padres","7","4","0","18","18","101.0","8.55","2.50","1.16",".257","70.7 %","47.6 %","12.7 %","3.92","3.85","4.17","1.5","19320"
"Homer Bailey","- - -","8","6","0","19","19","96.0","8.16","3.56","1.13",".307","71.3 %","45.6 %","13.0 %","4.69","4.28","4.54","1.5","8362"
"Mike Clevinger","Indians","3","2","0","7","7","35.1","14.77","3.31","0.76",".318","70.1 %","38.8 %","13.6 %","3.57","2.14","2.26","1.4","12808"
"Ryan Pressly","Astros","2","1","3","42","0","42.1","11.27","1.49","0.85",".229","91.2 %","51.5 %","17.4 %","1.49","2.43","2.28","1.4","7005"
"Miles Mikolas","Cardinals","6","9","0","19","19","108.1","6.48","1.41","1.33",".301","74.4 %","50.3 %","16.3 %","4.15","4.30","4.17","1.4","9803"
"Ken Giles","Blue Jays","1","2","13","32","0","32.0","15.19","2.81","0.56",".355","89.7 %","35.9 %","7.1 %","1.69","1.59","2.50","1.4","12910"
"Zach Davies","Brewers","7","2","0","19","19","102.2","5.96","2.81","0.96",".295","79.3 %","41.5 %","10.0 %","2.89","4.28","5.00","1.4","13183"
"Yonny Chirinos","Rays","8","4","0","19","13","107.0","7.49","1.85","1.35",".229","79.0 %","43.6 %","16.7 %","3.11","4.20","4.02","1.4","16401"
"Kenta Maeda","Dodgers","7","6","0","19","19","103.1","9.06","2.96","1.39",".229","77.0 %","38.1 %","14.3 %","3.75","4.29","4.42","1.4","18498"
"Sean Doolittle","Nationals","6","2","20","41","0","39.1","10.53","2.52","0.69",".351","82.7 %","26.8 %","5.0 %","2.97","2.86","4.88","1.4","1581"
"Aroldis Chapman","Yankees","2","2","25","39","0","36.2","13.01","2.95","0.49",".321","74.0 %","45.8 %","9.5 %","2.45","2.10","2.52","1.4","10233"
"Taylor Rogers","Twins","2","1","13","35","0","42.2","11.60","1.48","0.84",".293","93.8 %","49.5 %","12.1 %","1.69","2.63","2.94","1.4","13449"
"Chris Bassitt","Athletics","6","4","0","15","15","83.2","8.71","3.66","1.18",".253","75.6 %","42.5 %","12.4 %","3.98","4.42","4.81","1.3","12304"
"Rick Porcello","Red Sox","7","7","0","19","19","105.2","7.07","2.64","1.36",".306","63.6 %","39.7 %","11.2 %","5.37","4.58","5.28","1.3","2717"
"Merrill Kelly","Diamondbacks","7","9","0","19","19","110.0","7.04","2.54","1.31",".282","75.0 %","40.5 %","12.7 %","3.93","4.41","4.79","1.3","11156"
"Brett Anderson","Athletics","9","5","0","19","19","109.1","4.53","2.80","0.91",".269","74.9 %","52.9 %","11.5 %","3.79","4.56","4.98","1.3","8223"
"Brad Peacock","Astros","6","6","0","17","15","85.0","9.42","2.65","1.38",".273","74.3 %","38.5 %","13.3 %","4.13","4.17","4.46","1.3","5401"
"Wade Miley","Astros","7","4","0","19","19","108.1","7.56","2.82","1.41",".244","81.4 %","52.2 %","17.0 %","3.32","4.60","4.38","1.3","8779"
"Tyler Mahle","Reds","2","10","0","18","18","97.0","9.37","2.32","1.67",".315","69.0 %","44.7 %","20.5 %","4.82","4.44","3.82","1.3","16358"
"Zach Eflin","Phillies","7","9","0","18","18","106.0","7.47","2.29","1.53",".297","75.8 %","40.7 %","14.3 %","4.16","4.64","4.78","1.2","13774"
"Ryan Yarbrough","Rays","8","3","0","15","4","69.2","6.85","1.42","0.78",".256","60.4 %","44.3 %","9.2 %","4.26","3.50","4.22","1.2","16502"
"Jack Flaherty","Cardinals","4","6","0","19","19","104.0","9.95","3.03","1.73",".270","75.8 %","37.0 %","19.0 %","4.41","4.57","4.06","1.2","17479"
"Roberto Osuna","Astros","3","2","20","39","0","38.2","9.31","1.86","0.70",".240","78.6 %","34.3 %","7.0 %","2.33","2.85","4.04","1.2","13764"
"Adam Wainwright","Cardinals","6","7","0","17","17","94.2","8.46","3.52","1.14",".300","77.3 %","50.6 %","16.0 %","3.99","4.34","4.26","1.2","2233"
"Scott Oberg","Rockies","5","1","3","40","0","46.2","9.64","3.47","0.58",".220","83.3 %","50.9 %","9.4 %","1.35","3.06","3.58","1.2","13911"
"Ty Buttrey","Angels","5","4","2","44","0","45.0","10.60","2.40","0.80",".322","85.3 %","43.7 %","9.8 %","2.60","3.01","3.66","1.2","14719"
"Chase Anderson","Brewers","5","2","0","19","14","77.1","8.73","3.03","1.28",".269","75.1 %","35.3 %","11.5 %","3.96","4.29","4.89","1.2","6895"
"Trent Thornton","Blue Jays","3","7","0","20","20","96.0","9.09","4.13","1.41",".326","72.7 %","29.4 %","13.3 %","5.25","4.63","4.92","1.2","17948"
"Matt Barnes","Red Sox","3","3","4","43","0","39.0","16.38","4.62","0.92",".370","71.7 %","50.7 %","21.1 %","4.38","2.60","2.23","1.2","12863"
"Ian Kennedy","Royals","0","2","15","38","0","38.1","10.80","2.11","0.47",".353","75.2 %","43.6 %","4.9 %","3.29","2.28","3.71","1.2","6986"
"Carlos Carrasco","Indians","4","6","0","12","12","65.0","10.94","1.52","1.94",".353","73.8 %","39.2 %","20.0 %","4.98","4.14","3.46","1.1","6632"
"Hansel Robles","Angels","3","0","14","45","1","44.2","9.27","2.22","0.60",".299","80.4 %","37.8 %","5.9 %","2.62","2.77","4.15","1.1","11801"
"Daniel Norris","Tigers","2","8","0","19","16","96.1","7.38","2.34","1.59",".329","70.8 %","44.2 %","16.2 %","5.14","4.71","4.57","1.1","13475"
"Trevor Williams","Pirates","3","3","0","13","13","76.2","7.16","1.88","1.41",".318","69.4 %","37.7 %","13.2 %","5.17","4.48","4.79","1.1","16977"
"Ryne Stanek","Rays","0","2","0","39","27","53.2","9.89","3.35","1.01",".256","73.6 %","33.8 %","9.7 %","3.19","3.59","4.41","1.1","15947"
"Anibal Sanchez","Nationals","5","6","0","17","17","89.2","7.73","3.51","1.30",".267","78.8 %","34.3 %","12.1 %","3.71","4.62","5.09","1.1","3284"
"Jordan Yamamoto","Marlins","4","0","0","6","6","34.0","9.00","4.50","0.00",".190","73.5 %","38.0 %","0.0 %","1.59","2.89","4.81","1.0","17585"
"Ariel Jurado","Rangers","5","5","0","20","10","70.0","6.56","2.83","1.16",".312","66.7 %","45.8 %","12.9 %","4.63","4.54","4.85","1.0","17030"
"Will Smith","Giants","3","0","24","40","0","39.1","12.81","2.06","1.14",".269","82.1 %","44.6 %","19.2 %","2.75","2.71","2.36","1.0","8048"
"Sandy Alcantara","Marlins","4","9","0","18","18","107.1","6.37","4.11","0.92",".287","72.9 %","46.6 %","10.0 %","3.94","4.64","5.33","1.0","18684"
"Brandon Workman","Red Sox","8","1","5","46","0","44.0","12.68","6.14","0.20",".171","80.7 %","51.9 %","4.0 %","1.84","2.81","3.63","1.0","11428"
"Ross Stripling","Dodgers","4","3","0","24","10","66.2","9.32","2.57","1.22",".302","74.2 %","50.0 %","15.5 %","3.65","3.84","3.81","1.0","13273"
"Jordan Lyles","Pirates","5","6","0","15","15","75.0","9.60","3.72","1.44",".310","69.5 %","41.3 %","15.6 %","5.16","4.44","4.39","1.0","7593"
"J.A. Happ","Yankees","7","5","0","18","18","95.0","7.20","2.18","1.89",".280","74.7 %","42.5 %","16.8 %","4.93","5.17","4.91","1.0","7410"
"Trevor Richards","Marlins","3","11","0","19","19","104.0","8.05","4.15","1.21",".285","77.3 %","35.8 %","10.9 %","4.24","4.70","5.38","1.0","19309"
"Luke Jackson","Braves","4","2","17","43","0","47.0","12.26","3.45","0.96",".348","80.4 %","65.8 %","22.7 %","2.87","3.09","2.63","1.0","11752"
"Adrian Sampson","Rangers","6","6","0","22","12","97.0","7.42","2.04","1.76",".334","74.5 %","38.4 %","14.8 %","4.92","4.95","5.01","0.9","13339"
"Caleb Smith","Marlins","5","4","0","14","14","78.0","10.85","3.00","1.73",".233","83.6 %","28.5 %","17.2 %","3.46","4.34","4.04","0.9","14875"
"Giovanny Gallegos","Cardinals","1","1","0","37","0","43.1","12.67","1.45","1.04",".253","82.8 %","31.5 %","11.9 %","2.49","2.52","2.94","0.9","14986"
"Anthony DeSclafani","Reds","5","4","0","18","18","92.1","9.16","2.63","1.85",".302","81.1 %","37.4 %","17.1 %","4.29","4.80","4.49","0.9","13050"
"Julio Urias","Dodgers","4","2","3","22","5","56.0","9.32","2.89","0.80",".207","77.6 %","40.4 %","9.3 %","2.25","3.48","4.23","0.9","14765"
"Emilio Pagan","Rays","2","1","6","36","0","37.2","12.19","2.39","1.19",".231","92.3 %","38.6 %","13.9 %","1.91","3.03","3.19","0.9","14771"
"Sam Dyson","Giants","3","1","1","44","0","46.0","8.61","1.17","0.59",".279","69.4 %","55.6 %","9.7 %","2.74","2.74","3.22","0.9","11710"
"Kenley Jansen","Dodgers","3","3","23","38","0","38.2","11.87","1.86","1.40",".272","70.6 %","32.3 %","14.3 %","3.72","3.37","3.50","0.9","3096"
"David Hernandez","Reds","2","5","1","43","0","39.0","11.54","3.69","0.92",".394","55.0 %","26.7 %","9.3 %","6.92","3.29","4.13","0.9","4259"
"Jose Leclerc","Rangers","1","2","5","43","3","43.2","13.60","4.53","1.03",".308","71.2 %","37.9 %","12.8 %","4.33","3.47","3.74","0.9","14524"
"Jeff Samardzija","Giants","7","7","0","19","19","105.1","7.60","2.48","1.37",".260","71.3 %","36.6 %","12.3 %","3.93","4.47","4.93","0.9","3254"
"Jason Vargas","Mets","4","5","0","17","16","82.2","7.40","3.48","1.42",".257","73.2 %","40.2 %","12.9 %","4.25","4.81","5.18","0.9","8044"
"Carlos Rodon","White Sox","3","2","0","7","7","34.2","11.94","4.41","1.04",".322","63.9 %","43.0 %","11.4 %","5.19","3.62","4.11","0.8","16137"
"Kevin Gausman","Braves","2","5","0","13","13","62.1","9.24","3.47","1.16",".339","57.6 %","41.3 %","12.1 %","6.21","4.18","4.60","0.8","14107"
"Seth Lugo","Mets","4","2","0","36","0","45.2","12.02","2.56","1.18",".306","75.1 %","38.6 %","12.0 %","3.15","3.30","3.76","0.8","12447"
"Mike Leake","Mariners","7","8","0","19","19","115.1","6.63","1.40","1.87",".301","69.8 %","46.1 %","17.9 %","4.60","4.99","4.58","0.8","10130"
"Austin Adams","- - -","1","1","0","22","2","24.1","15.90","4.81","0.74",".282","70.3 %","53.7 %","18.2 %","3.70","2.47","2.30","0.8","13801"
"Gio Gonzalez","Brewers","2","1","0","6","6","31.0","7.55","2.61","0.58",".299","76.0 %","45.5 %","7.4 %","3.19","3.25","4.13","0.8","7448"
"Jakob Junis","Royals","5","8","0","20","20","113.1","8.58","3.18","1.67",".309","70.5 %","45.3 %","17.8 %","5.08","4.94","4.58","0.8","13619"
"Jalen Beeks","Rays","5","0","1","20","0","64.2","7.79","3.20","0.56",".296","81.1 %","43.2 %","6.6 %","2.78","3.59","4.64","0.8","17192"
"Julio Teheran","Braves","5","6","0","20","20","106.2","8.18","4.39","1.10",".261","77.6 %","40.9 %","11.3 %","3.71","4.72","5.27","0.8","6797"
"Reyes Moronta","Giants","3","5","0","40","0","43.1","12.25","4.36","0.62",".290","81.1 %","39.2 %","7.0 %","2.70","3.05","4.11","0.8","14966"
"Adam Ottavino","Yankees","3","3","0","44","0","41.0","12.29","5.93","0.88",".273","93.3 %","38.9 %","10.3 %","1.76","3.80","4.41","0.8","1247"
"Danny Duffy","Royals","4","5","0","15","15","83.2","7.42","3.33","1.40",".301","73.7 %","37.2 %","13.0 %","4.52","4.84","5.18","0.8","3542"
"Rich Hill","Dodgers","4","1","0","10","10","53.0","10.36","2.04","1.70",".280","89.4 %","48.9 %","22.7 %","2.55","4.16","3.34","0.8","4806"
"Lou Trivino","Athletics","3","5","0","42","0","42.0","9.00","4.29","0.64",".333","65.2 %","39.2 %","5.8 %","4.29","3.64","5.16","0.8","15043"
"Daniel Mengden","Athletics","5","1","0","9","7","47.0","6.51","3.06","0.96",".276","72.2 %","37.6 %","8.2 %","4.21","4.17","5.35","0.8","16980"
"CC Sabathia","Yankees","5","4","0","15","15","82.0","8.45","3.07","1.98",".276","81.2 %","40.1 %","18.6 %","4.06","5.29","4.77","0.8","404"
"Dylan Bundy","Orioles","4","11","0","18","18","92.0","9.49","3.13","2.05",".294","71.2 %","36.8 %","18.6 %","5.28","5.31","4.77","0.8","12917"
"Amir Garrett","Reds","3","1","0","42","0","37.0","13.14","4.86","0.73",".297","93.5 %","51.9 %","14.3 %","1.70","3.13","3.20","0.8","14375"
"Nick Anderson","Marlins","2","4","1","40","0","38.1","13.85","3.29","1.17",".372","73.3 %","27.8 %","13.9 %","4.46","3.01","3.16","0.8","18337"
"Jordan Zimmermann","Tigers","0","6","0","11","11","52.2","5.98","2.56","1.20",".344","58.3 %","37.2 %","10.3 %","7.01","4.64","5.46","0.8","4505"
"Yu Darvish","Cubs","3","4","0","20","20","109.0","10.40","4.13","1.65",".252","75.7 %","46.5 %","22.7 %","4.46","4.88","4.09","0.7","13074"
"John Gant","Cardinals","7","0","3","40","0","46.0","7.63","3.13","0.78",".211","80.7 %","47.5 %","11.4 %","2.54","3.69","4.06","0.7","13684"
"Jameson Taillon","Pirates","2","3","0","7","7","37.1","7.23","1.93","0.96",".263","52.1 %","49.6 %","12.9 %","4.10","3.80","4.05","0.7","11674"
"Reynaldo Lopez","White Sox","4","8","0","19","19","104.0","8.05","3.46","1.99",".319","68.3 %","33.6 %","15.1 %","5.97","5.57","5.58","0.7","16400"
"Robert Stephenson","Reds","2","1","0","30","0","36.0","12.25","3.50","0.75",".268","66.1 %","31.0 %","8.1 %","3.50","2.74","3.69","0.7","13594"
"Sean Newcomb","Braves","3","1","1","27","4","41.1","7.84","3.05","0.65",".312","81.4 %","44.9 %","6.5 %","2.40","3.50","4.76","0.7","16943"
"Ryne Harper","Twins","3","1","1","41","0","38.2","9.31","1.86","1.16",".257","84.9 %","40.0 %","12.8 %","2.79","3.52","3.84","0.7","12680"
"Wander Suero","Nationals","2","5","1","44","0","40.1","11.16","3.12","0.89",".340","60.7 %","35.8 %","10.0 %","5.58","3.21","3.88","0.7","15855"
"Shane Greene","Tigers","0","2","22","34","0","34.0","9.26","2.65","1.06",".179","86.1 %","53.4 %","12.1 %","1.06","3.66","4.04","0.7","10756"
"Yusmeiro Petit","Athletics","2","1","0","48","0","52.2","7.35","1.03","1.37",".214","91.5 %","27.1 %","10.5 %","2.39","3.90","4.77","0.7","4020"
"Freddy Peralta","Brewers","3","3","0","20","8","63.2","11.03","3.11","1.70",".341","69.1 %","31.1 %","15.6 %","5.09","4.35","4.28","0.7","18679"
"Andrew Chafin","Diamondbacks","0","1","0","47","0","33.2","10.69","2.94","0.80",".329","79.4 %","42.2 %","12.5 %","3.21","3.07","3.32","0.7","12988"
"Marcus Walden","Red Sox","6","1","1","38","0","47.1","9.89","2.85","0.95",".288","66.7 %","51.9 %","14.7 %","3.80","3.47","3.51","0.7","8004"
"Jake Arrieta","Phillies","8","7","0","19","19","113.0","6.93","3.35","1.43",".308","75.5 %","52.0 %","20.0 %","4.54","5.05","4.55","0.7","4153"
"Jose Urena","Marlins","4","7","0","13","13","74.2","6.15","2.77","1.21",".318","69.8 %","50.6 %","14.7 %","4.70","4.59","4.65","0.7","11589"
"Aaron Bummer","White Sox","0","0","1","29","0","34.1","8.91","2.88","0.52",".217","83.3 %","66.3 %","12.5 %","1.83","3.21","3.38","0.6","16258"
"Pedro Baez","Dodgers","4","2","0","45","0","44.1","7.92","2.64","0.81",".198","53.5 %","37.6 %","7.3 %","3.45","3.71","4.99","0.6","5420"
"Tommy Kahnle","Yankees","2","0","0","43","0","36.1","12.88","2.97","1.49",".256","81.1 %","51.2 %","23.1 %","2.97","3.49","2.76","0.6","11384"
"Joakim Soria","Athletics","1","4","0","44","1","44.1","9.95","2.84","1.02",".270","63.6 %","39.1 %","11.6 %","4.67","3.55","4.00","0.6","6941"
"Steven Brault","Pirates","3","1","0","15","9","60.2","7.86","4.75","0.89",".320","77.3 %","44.1 %","9.1 %","4.15","4.53","5.40","0.6","15291"
"John Brebbia","Cardinals","3","3","0","41","0","47.0","11.30","3.26","0.96",".273","75.0 %","27.8 %","9.1 %","3.26","3.36","4.29","0.6","12777"
"Buck Farmer","Tigers","4","4","0","41","1","37.2","10.04","3.11","0.96",".350","72.9 %","53.3 %","13.8 %","4.06","3.56","3.70","0.6","14814"
"Shaun Anderson","Giants","3","2","0","12","12","64.2","5.71","3.06","0.97",".318","67.7 %","44.8 %","12.3 %","4.87","4.37","4.71","0.6","19453"
"Corey Kluber","Indians","2","3","0","7","7","35.2","9.59","3.79","1.01",".370","63.8 %","40.0 %","9.8 %","5.80","4.06","4.87","0.6","2429"
"Steve Cishek","Cubs","3","5","7","44","0","42.1","8.93","2.76","0.85",".250","79.2 %","53.3 %","12.1 %","2.76","3.59","3.90","0.6","6483"
"Jake Diekman","Royals","0","6","0","45","0","38.2","13.27","5.35","0.70",".318","68.1 %","47.1 %","12.0 %","4.89","3.60","3.87","0.6","5003"
"Chris Martin","Rangers","0","2","3","36","0","36.1","9.91","0.74","1.73",".284","91.3 %","49.5 %","24.1 %","2.97","3.76","2.84","0.6","11847"
"Cam Bedrosian","Angels","3","3","1","44","7","45.1","9.93","3.77","0.99",".248","66.7 %","50.0 %","11.9 %","3.38","3.83","4.23","0.6","13360"
"Matt Shoemaker","Blue Jays","3","0","0","5","5","28.2","7.53","2.83","0.94",".183","87.2 %","51.4 %","11.1 %","1.57","3.95","4.45","0.6","4776"
"Oliver Perez","Indians","2","2","0","38","0","25.0","11.52","1.08","1.08",".348","74.6 %","39.7 %","11.5 %","3.24","2.81","3.31","0.6","1514"
"Brendan McKay","Rays","1","0","0","3","3","16.0","7.31","0.56","0.56",".209","83.3 %","37.2 %","6.3 %","1.69","2.59","3.75","0.6","20186"
"Nick Wittgren","Indians","4","0","2","33","0","36.2","9.57","1.96","1.23",".264","80.0 %","37.5 %","14.7 %","3.19","3.51","3.57","0.6","15594"
"Daniel Ponce de Leon","Cardinals","1","0","0","8","5","35.1","10.44","3.31","1.27",".234","86.7 %","45.1 %","14.7 %","2.80","3.92","3.98","0.6","16110"
"Griffin Canning","Angels","3","5","0","13","13","66.1","9.63","3.12","1.76",".254","74.5 %","35.6 %","15.1 %","4.75","4.89","4.90","0.6","19867"
"Archie Bradley","Diamondbacks","2","4","0","37","1","40.2","11.95","5.31","0.66",".391","70.4 %","45.9 %","10.0 %","4.87","3.36","3.86","0.6","12918"
"Chad Green","Yankees","2","3","0","31","7","35.2","11.61","1.77","1.77",".396","75.2 %","40.8 %","18.4 %","5.05","4.03","3.58","0.6","15552"
"Taylor Cole","Angels","0","1","0","15","2","25.0","8.64","3.96","0.00",".324","68.6 %","49.3 %","0.0 %","3.60","2.73","4.08","0.6","11964"
"Trevor Gott","Giants","5","0","0","36","0","38.2","9.31","2.79","0.70",".240","64.3 %","43.4 %","8.1 %","3.96","3.24","4.12","0.6","15046"
"Yoshihisa Hirano","Diamondbacks","3","4","1","41","0","33.2","9.89","4.54","0.53",".330","66.4 %","42.9 %","6.1 %","4.28","3.48","4.64","0.6","19756"
"Antonio Senzatela","Rockies","8","6","0","17","17","91.2","5.11","4.22","1.28",".310","65.5 %","52.6 %","17.6 %","5.79","5.43","5.18","0.5","15488"
"Shawn Kelley","Rangers","5","2","11","32","0","33.0","8.73","1.36","1.64",".303","91.2 %","30.1 %","15.4 %","3.00","4.09","4.06","0.5","7773"
"Raisel Iglesias","Reds","2","8","17","39","0","41.1","11.32","3.70","1.52",".303","81.9 %","28.8 %","16.3 %","3.92","4.21","4.06","0.5","17130"
"Jesse Chavez","Rangers","3","5","0","39","9","68.2","8.13","2.62","1.57",".296","69.1 %","42.2 %","16.9 %","4.72","4.77","4.54","0.5","5448"
"Justin Anderson","Angels","3","0","1","39","0","34.0","12.71","5.56","0.79",".288","70.8 %","31.3 %","9.1 %","3.97","3.48","4.25","0.5","16201"
"Tyler Clippard","Indians","0","0","0","27","1","29.2","8.80","2.43","0.61",".237","68.5 %","32.9 %","4.7 %","3.64","3.35","5.33","0.5","5640"
"Zack Britton","Yankees","3","1","3","42","0","39.0","6.92","4.62","0.46",".255","84.8 %","77.8 %","20.0 %","2.31","3.96","3.80","0.5","3240"
"Edwin Diaz","Mets","1","6","21","39","0","36.1","14.37","2.97","1.73",".422","75.2 %","38.9 %","20.6 %","5.20","3.60","2.94","0.5","14710"
"Ivan Nova","White Sox","4","9","0","20","20","110.2","5.86","2.52","1.79",".339","69.3 %","46.4 %","19.6 %","5.86","5.45","4.86","0.5","1994"
"Jefry Rodriguez","Indians","1","5","0","8","8","43.2","6.60","3.92","1.03",".299","68.4 %","49.3 %","11.9 %","4.74","4.54","4.95","0.5","17018"
"Will Harris","Astros","3","1","0","39","0","34.0","7.41","2.38","0.79",".271","82.8 %","56.1 %","14.3 %","1.85","3.51","3.58","0.5","3192"
"David Hale","Yankees","3","0","2","15","0","29.1","5.83","1.84","0.61",".278","83.3 %","50.0 %","7.4 %","2.45","3.52","4.45","0.5","9756"
"J.B. Wendelken","Athletics","1","1","0","21","0","25.2","9.82","2.45","0.70",".265","55.6 %","33.3 %","5.7 %","4.56","2.98","4.66","0.5","14506"
"Collin McHugh","Astros","3","4","0","19","8","55.0","9.65","2.78","1.64",".255","61.5 %","40.7 %","19.2 %","5.24","4.52","4.03","0.5","7531"
"Carlos Martinez","Cardinals","2","1","6","20","0","22.2","9.13","3.18","0.40",".288","71.4 %","64.4 %","7.7 %","3.18","3.08","3.64","0.5","11682"
"Andrew Heaney","Angels","1","3","0","9","9","46.0","10.57","3.72","1.76",".298","73.9 %","33.1 %","15.3 %","5.09","4.78","4.77","0.5","15423"
"Brandon Kintzler","Cubs","2","0","0","41","0","39.2","7.49","2.04","0.91",".238","86.8 %","53.8 %","14.8 %","2.27","3.69","3.73","0.5","9939"
"Josh Taylor","Red Sox","0","0","0","20","0","20.2","11.76","2.18","0.87",".377","71.4 %","37.0 %","8.7 %","3.92","2.73","3.67","0.5","17359"
"Jordan Hicks","Cardinals","2","2","14","29","0","28.2","9.73","3.45","0.63",".215","71.4 %","67.2 %","18.2 %","3.14","3.21","3.07","0.5","19618"
"Jaime Barria","Angels","3","2","0","7","3","29.1","9.20","2.15","1.23",".353","68.7 %","34.1 %","10.8 %","5.22","3.76","4.48","0.5","18356"
"Kyle Ryan","Cubs","2","1","0","42","0","33.2","8.82","2.94","0.80",".313","78.4 %","58.6 %","13.6 %","3.21","3.48","3.61","0.5","11753"
"Jeremy Jeffress","Brewers","3","2","1","34","0","36.2","8.84","3.19","0.74",".300","68.5 %","43.1 %","8.8 %","3.93","3.54","4.31","0.5","9490"
"Matt Moore","Tigers","0","0","0","2","2","10.0","8.10","0.90","0.00",".130","100.0 %","59.1 %","0.0 %","0.00","1.71","3.10","0.5","1890"
"Yusei Kikuchi","Mariners","4","6","0","20","20","102.1","6.68","3.25","1.76",".294","68.0 %","44.7 %","17.2 %","5.01","5.47","5.17","0.5","20633"
"Javy Guerra","- - -","1","0","1","30","0","37.1","7.23","2.41","0.72",".274","66.2 %","34.2 %","6.3 %","3.86","3.54","5.03","0.5","7407"
"Adam Morgan","Phillies","3","3","0","33","0","24.2","8.03","2.55","0.73",".215","64.7 %","43.3 %","7.7 %","3.65","3.70","4.73","0.4","12580"
"Michael Lorenzen","Reds","0","2","5","44","0","48.2","9.06","2.40","1.29",".304","79.0 %","47.9 %","18.4 %","3.51","3.93","3.61","0.4","14843"
"Adrian Houser","Brewers","2","4","0","20","6","48.2","9.25","3.70","1.29",".341","77.2 %","54.5 %","21.2 %","4.25","4.32","3.79","0.4","12718"
"Noe Ramirez","Angels","4","1","0","33","4","47.2","10.95","2.83","1.51",".268","87.1 %","34.2 %","15.1 %","3.21","4.10","4.11","0.4","12800"
"Alex Colome","White Sox","3","1","20","38","0","37.2","6.93","2.63","0.96",".156","82.0 %","43.4 %","10.0 %","2.39","3.93","4.65","0.4","6661"
"Paul Fry","Orioles","1","3","2","39","0","38.0","7.58","4.50","0.47",".245","64.3 %","64.4 %","11.1 %","4.03","4.11","4.36","0.4","15832"
"Dakota Hudson","Cardinals","8","4","1","19","18","98.1","6.68","4.12","1.28",".296","75.5 %","60.1 %","24.6 %","3.48","5.08","4.37","0.4","19206"
"Joshua James","Astros","4","0","0","37","1","49.2","13.95","5.44","1.27",".284","68.2 %","35.3 %","14.9 %","4.71","3.94","3.98","0.4","16794"
"Brad Brach","Cubs","3","2","0","37","0","36.0","10.50","6.25","0.50",".396","64.9 %","41.8 %","6.7 %","6.25","3.77","4.69","0.4","6627"
"Hector Neris","Phillies","2","4","17","40","0","39.2","12.25","3.40","1.59",".270","76.5 %","45.7 %","18.9 %","4.08","4.15","3.69","0.4","11804"
"Hunter Wood","Rays","1","1","1","16","2","25.0","7.56","2.16","0.72",".284","77.2 %","30.1 %","6.1 %","2.16","3.41","4.98","0.4","15091"
"Tony Sipp","Nationals","1","1","0","30","0","17.1","7.27","3.63","0.00",".309","64.0 %","34.5 %","0.0 %","4.15","2.98","5.49","0.4","8280"
"Jon Duplantier","Diamondbacks","1","1","1","8","3","25.0","8.64","3.24","0.72",".324","73.1 %","40.6 %","8.0 %","4.32","3.89","4.83","0.4","19546"
"Dylan Floro","Dodgers","4","2","0","36","0","34.2","7.53","2.60","0.78",".292","67.0 %","51.5 %","10.7 %","3.89","3.70","4.17","0.4","13394"
"Austin Voth","Nationals","1","0","0","4","4","20.2","8.71","2.61","1.31",".286","75.6 %","40.7 %","11.5 %","4.35","4.47","5.07","0.4","15047"
"Trevor Hildenberger","Twins","2","2","1","19","0","14.0","9.00","2.57","0.64",".460","59.4 %","31.4 %","6.7 %","8.36","3.43","4.62","0.4","17002"
"Carlos Estevez","Rockies","1","0","0","45","0","45.0","11.00","3.00","1.60",".342","74.4 %","39.8 %","16.7 %","4.20","4.15","3.94","0.3","14542"
"Mitch Keller","Pirates","0","1","0","3","3","12.0","11.25","4.50","0.75",".513","43.0 %","25.6 %","6.3 %","10.50","3.30","4.85","0.3","17594"
"Jarlin Garcia","Marlins","2","0","0","24","0","28.1","6.99","2.54","0.32",".263","74.3 %","48.1 %","3.6 %","2.86","3.07","4.57","0.3","18282"
"Alex Young","Diamondbacks","3","0","0","4","3","18.2","6.27","1.45","0.96",".087","100.0 %","44.7 %","10.5 %","0.96","3.86","4.47","0.3","18333"
"Trey Wingenter","Padres","1","2","1","36","0","35.2","12.36","4.54","1.01",".253","70.3 %","36.7 %","12.9 %","4.29","3.69","3.95","0.3","17793"
"Trevor May","Twins","3","3","1","40","0","35.2","10.35","4.29","1.01",".272","76.0 %","38.9 %","11.4 %","3.79","4.06","4.54","0.3","6398"
"Luis Perdomo","Padres","1","2","0","24","1","38.0","6.87","2.37","0.71",".283","65.4 %","47.4 %","8.8 %","4.26","3.66","4.40","0.3","14682"
"Cal Quantrill","Padres","2","2","0","12","8","47.0","7.47","2.68","1.34",".285","77.1 %","50.7 %","16.7 %","4.21","4.58","4.40","0.3","19312"
"Austin Brice","Marlins","1","0","0","29","0","38.1","8.92","3.29","0.70",".233","86.1 %","46.2 %","9.1 %","1.88","3.74","4.42","0.3","17237"
"Chad Bettis","Rockies","1","5","1","30","3","51.2","6.10","2.61","1.22",".337","60.7 %","62.1 %","20.6 %","6.10","4.72","4.26","0.3","10587"
"Cory Gearrin","Mariners","0","2","0","40","1","33.2","8.55","4.54","0.53",".333","74.2 %","48.0 %","7.7 %","4.28","3.87","4.62","0.3","7947"
"Jeff Hoffman","Rockies","1","3","0","7","7","33.1","9.72","3.51","1.89",".340","64.8 %","33.7 %","17.5 %","6.75","5.04","4.68","0.3","17432"
"Aaron Sanchez","Blue Jays","3","14","0","21","21","102.0","7.32","5.21","1.32",".333","66.5 %","47.4 %","16.0 %","6.26","5.50","5.41","0.3","11490"
"Robbie Erlin","Padres","0","1","0","27","1","36.2","9.57","2.45","1.23",".367","69.4 %","41.6 %","13.5 %","4.91","3.76","3.98","0.3","10354"
"Scott Barlow","Royals","2","3","1","32","0","38.0","13.26","4.26","1.42",".385","67.2 %","34.4 %","16.7 %","6.16","3.98","3.80","0.3","14993"
"Bryan Shaw","Rockies","2","1","0","48","0","50.1","6.97","3.04","1.07",".287","71.0 %","49.0 %","12.8 %","4.47","4.41","4.70","0.3","8110"
"Matt Albers","Brewers","4","3","1","39","0","39.0","9.00","3.23","1.15",".279","67.4 %","49.5 %","14.7 %","4.85","4.11","4.17","0.3","4300"
"Tommy Milone","Mariners","1","4","0","11","4","54.2","8.40","2.14","1.81",".227","76.4 %","33.6 %","15.7 %","3.95","4.68","4.59","0.3","7608"
"Nick Goody","Indians","1","0","0","14","0","17.0","13.76","4.76","1.06",".242","80.3 %","31.4 %","14.3 %","2.12","3.27","3.37","0.3","13685"
"Nestor Cortes","Yankees","3","0","0","13","0","34.0","9.53","2.38","1.59",".300","75.1 %","39.6 %","16.2 %","4.50","4.27","4.13","0.3","17874"
"Tim Mayza","Blue Jays","0","0","0","43","0","34.1","10.75","4.72","1.05",".276","70.1 %","51.1 %","16.7 %","4.46","4.00","3.87","0.3","15042"
"Zack Littell","Twins","2","0","0","11","0","16.1","7.16","3.31","0.55",".333","69.4 %","34.7 %","7.7 %","4.41","3.52","4.30","0.3","15823"
"Michael Feliz","Pirates","2","3","0","27","1","27.2","10.73","4.88","0.98",".284","65.1 %","28.4 %","10.3 %","4.88","3.97","4.63","0.3","11903"
"Jose Alvarado","Rays","0","5","7","30","0","26.2","11.48","6.41","0.68",".348","68.7 %","45.6 %","9.5 %","5.06","3.78","4.36","0.3","17780"
"Roenis Elias","Mariners","2","1","11","38","0","42.0","9.21","3.43","1.50",".254","67.1 %","34.2 %","15.9 %","4.07","4.55","4.45","0.3","12673"
"Robert Gsellman","Mets","1","1","1","42","0","49.2","9.06","3.44","1.09",".333","67.5 %","45.3 %","12.8 %","5.07","4.22","4.52","0.3","13696"
"Felix Pena","Angels","7","3","0","19","5","86.0","9.52","2.93","1.67",".260","66.6 %","40.5 %","18.0 %","4.92","4.70","4.33","0.3","13403"
"Sergio Romo","Marlins","1","0","16","35","0","34.2","7.53","3.38","1.04",".265","66.8 %","37.3 %","8.5 %","3.89","4.17","5.34","0.2","9817"
"Mychal Givens","Orioles","1","4","8","32","0","37.1","12.54","3.86","1.93",".276","74.7 %","39.3 %","23.5 %","4.34","4.58","3.59","0.2","10430"
"Harrison Musgrave","Rockies","0","0","0","10","0","10.0","10.80","6.30","0.00",".321","75.0 %","25.0 %","0.0 %","3.60","2.91","5.68","0.2","16532"
"Evan Phillips","Orioles","0","1","0","16","0","17.1","12.98","7.79","0.00",".458","63.4 %","47.8 %","0.0 %","7.79","3.62","4.76","0.2","17734"
"Tanner Anderson","Athletics","0","3","0","5","5","22.1","7.25","2.82","1.61",".342","66.9 %","53.2 %","19.0 %","6.04","4.87","4.40","0.2","18029"
"Matt Andriese","Diamondbacks","4","4","1","36","0","45.1","10.13","3.97","1.19",".328","68.8 %","52.0 %","17.6 %","5.36","4.14","3.90","0.2","12022"
"Mark Melancon","Giants","3","2","1","39","0","40.1","8.26","3.57","0.67",".373","75.7 %","60.8 %","14.3 %","4.02","3.69","3.75","0.2","4264"
"Daniel Hudson","Blue Jays","5","2","2","39","1","42.0","9.00","4.50","1.07",".259","84.3 %","41.7 %","9.1 %","2.79","4.48","5.51","0.2","7146"
"Richard Bleier","Orioles","1","0","2","26","0","27.2","3.58","0.98","0.98",".321","52.9 %","56.5 %","13.0 %","6.83","4.37","4.60","0.2","7803"
"Zac Gallen","Marlins","0","1","0","4","4","17.0","11.12","5.29","1.06",".326","77.6 %","24.4 %","11.8 %","4.24","4.04","4.48","0.2","19291"
"Heath Hembree","Red Sox","1","0","2","36","0","32.0","11.25","3.66","1.41",".276","80.0 %","22.2 %","10.6 %","3.38","4.25","5.11","0.2","11632"
"Framber Valdez","Astros","3","6","0","20","5","50.0","8.10","4.68","1.08",".313","63.4 %","59.7 %","21.4 %","5.58","4.65","4.20","0.2","17295"
"Jhoulys Chacin","Brewers","3","9","0","17","17","83.1","7.88","4.00","1.84",".288","74.6 %","37.1 %","17.2 %","5.18","5.59","5.28","0.2","2608"
"Adam Kolarek","Rays","3","2","0","46","0","36.0","7.75","2.75","1.00",".292","75.5 %","66.7 %","21.1 %","4.00","4.02","3.62","0.2","10843"
"Wade Davis","Rockies","1","4","14","32","0","28.1","9.21","5.72","0.95",".338","64.7 %","44.6 %","11.1 %","6.04","4.56","5.06","0.2","7441"
"Tyler Olson","Indians","1","0","0","35","0","27.0","8.67","4.00","1.00",".346","82.0 %","45.0 %","11.1 %","3.67","4.07","4.60","0.2","14741"
"Joe Kelly","Dodgers","3","3","1","33","0","33.1","11.07","4.05","1.08",".352","61.2 %","61.1 %","21.1 %","5.13","3.84","3.41","0.2","9761"
"Andrew Kittredge","Rays","1","0","0","10","1","13.2","10.54","1.98","1.32",".314","98.5 %","43.2 %","14.3 %","1.98","3.43","3.55","0.2","12828"
"Hector Velazquez","Red Sox","1","4","0","24","8","46.0","8.61","4.11","1.37",".306","61.9 %","40.5 %","13.5 %","5.67","4.78","5.03","0.2","19341"
"Evan Marshall","White Sox","3","1","0","27","0","24.0","6.38","2.63","1.13",".275","76.6 %","43.1 %","12.0 %","3.00","4.30","4.73","0.2","12297"
"Yency Almonte","Rockies","0","0","0","9","0","13.2","5.93","4.61","0.00",".214","68.8 %","34.1 %","0.0 %","2.63","3.43","6.18","0.2","15068"
"Adam Cimber","Indians","5","2","0","40","0","35.1","6.37","2.80","1.02",".223","81.4 %","59.4 %","16.0 %","2.80","4.37","4.30","0.2","15288"
"Seranthony Dominguez","Phillies","3","0","0","27","0","24.2","10.58","4.38","1.09",".323","73.2 %","54.5 %","15.8 %","4.01","4.03","3.97","0.2","19249"
"Francisco Liriano","Pirates","4","2","0","44","0","46.0","8.61","4.70","1.17",".254","84.0 %","42.4 %","10.9 %","3.33","4.63","5.29","0.2","3201"
"Felix Hernandez","Mariners","1","4","0","8","8","38.2","7.91","1.86","2.09",".345","62.8 %","50.0 %","20.9 %","6.52","5.41","4.58","0.2","4772"
"Logan Allen","Padres","2","2","0","5","4","20.1","5.75","3.98","0.89",".368","59.7 %","52.9 %","16.7 %","7.08","4.84","4.72","0.2","18555"
"Blake Treinen","Athletics","2","3","16","35","0","39.2","8.62","5.67","0.91",".303","73.2 %","43.6 %","11.1 %","4.54","4.58","5.06","0.2","12572"
"Jace Fry","White Sox","1","4","0","39","0","31.2","11.37","6.54","0.85",".308","67.0 %","59.5 %","23.1 %","4.55","4.29","3.87","0.2","16159"
"Brian Flynn","Royals","2","1","0","9","1","24.1","7.40","4.81","0.37",".390","70.2 %","44.0 %","4.8 %","5.18","4.08","5.25","0.2","12027"
"Oliver Drake","Rays","0","1","1","20","0","21.1","11.39","3.80","1.27",".265","78.0 %","52.9 %","18.8 %","3.80","3.92","3.57","0.2","8823"
"Diego Castillo","Rays","1","6","7","35","0","36.2","10.06","4.17","1.23",".278","72.1 %","54.3 %","17.2 %","3.68","4.39","4.18","0.2","17496"
"Juan Nicasio","Phillies","1","3","1","34","0","36.0","8.50","4.00","1.00",".357","67.4 %","46.5 %","14.8 %","5.50","4.27","4.31","0.2","7731"
"Jacob Webb","Braves","4","0","2","36","0","32.1","7.79","3.34","1.11",".233","86.0 %","38.2 %","10.0 %","1.39","4.30","5.13","0.2","19274"
"Jonathan Holder","Yankees","5","2","0","31","0","35.2","10.09","2.78","2.02",".320","55.0 %","34.3 %","16.7 %","6.81","4.98","4.72","0.2","16588"
"Miguel Castro","Orioles","0","1","2","38","0","46.1","8.16","4.66","1.36",".295","68.1 %","49.6 %","14.9 %","5.24","4.92","4.96","0.2","15684"
"Jose Alvarez","Phillies","0","2","1","39","1","37.0","7.54","2.92","1.22",".290","78.6 %","50.9 %","16.1 %","3.41","4.35","4.25","0.2","5358"
"Asher Wojciechowski","Orioles","0","3","0","4","3","15.2","12.06","2.87","2.30",".316","73.2 %","26.2 %","16.7 %","5.74","5.00","4.71","0.1","10836"
"Matt Magill","Twins","2","0","0","28","0","28.1","11.44","4.76","1.27",".342","62.8 %","35.4 %","14.3 %","4.45","4.31","4.42","0.1","3950"
"David Phelps","Blue Jays","0","0","0","12","1","12.2","9.24","4.26","0.71",".273","83.3 %","29.4 %","6.3 %","2.84","3.85","5.31","0.1","6316"
"Brett Martin","Rangers","1","1","0","28","0","34.0","7.41","2.12","1.59",".308","71.8 %","53.6 %","23.1 %","5.03","4.57","3.78","0.1","17369"
"Steven Matz","Mets","5","6","0","19","17","85.0","8.47","3.18","2.01",".313","75.4 %","45.9 %","20.9 %","4.87","5.44","4.65","0.1","13361"
"Juan Minaya","White Sox","0","0","0","22","0","27.2","8.78","3.90","1.30",".333","81.2 %","29.4 %","10.0 %","3.90","4.66","5.64","0.1","10341"
"Jonathan Loaisiga","Yankees","1","1","0","4","3","14.0","8.36","5.14","1.29",".282","76.9 %","39.0 %","11.8 %","4.50","4.93","5.47","0.1","19753"
"Chris Devenski","Astros","2","0","0","36","0","41.2","9.50","3.46","1.51",".301","75.2 %","30.8 %","12.5 %","4.75","4.58","5.05","0.1","12763"
"Jose Cisnero","Tigers","0","0","0","9","0","11.0","7.36","3.27","0.82",".294","66.2 %","34.3 %","7.1 %","3.27","3.85","5.18","0.1","6399"
"Shawn Armstrong","- - -","0","1","2","31","0","32.0","10.97","5.34","1.41",".293","68.2 %","31.8 %","12.5 %","5.63","4.87","5.31","0.1","12857"
"Chaz Roe","Rays","0","3","0","39","0","27.1","11.85","6.59","0.99",".368","73.1 %","41.4 %","12.5 %","5.27","4.20","4.51","0.1","9866"
"Wei-Chung Wang","Athletics","1","0","0","13","0","18.0","5.50","2.50","1.00",".149","98.2 %","28.6 %","7.4 %","1.50","4.27","5.79","0.1","14382"
"Kelvin Herrera","White Sox","3","3","0","38","0","33.0","8.45","3.82","1.36",".383","61.1 %","43.5 %","13.9 %","7.36","4.67","4.85","0.1","6033"
"Richard Lovelady","Royals","0","0","0","16","0","12.2","7.82","2.84","0.71",".351","73.9 %","62.2 %","14.3 %","4.26","3.69","3.75","0.1","19337"
"Jacob Waguespack","Blue Jays","1","0","0","3","1","13.2","8.56","2.63","1.32",".333","58.1 %","48.8 %","16.7 %","5.93","4.31","4.14","0.1","18318"
"Colin Poche","Rays","2","3","0","18","0","19.0","13.26","1.42","2.37",".256","46.2 %","14.0 %","19.2 %","6.63","4.48","3.76","0.1","19403"
"Zach Plesac","Indians","3","3","0","9","9","48.0","6.38","3.38","1.69",".205","82.6 %","41.8 %","16.7 %","3.56","5.49","5.27","0.1","19979"
"Fernando Rodney","- - -","0","2","2","24","0","20.2","8.71","6.10","0.87",".414","61.8 %","53.3 %","13.3 %","7.40","4.57","4.74","0.1","494"
"Tom Eshelman","Orioles","0","1","0","2","2","10.2","5.91","1.69","1.69",".273","68.6 %","37.1 %","18.2 %","5.06","4.90","4.50","0.1","18361"
"Ryan Brasier","Red Sox","2","3","7","44","0","40.1","8.03","2.68","1.56",".265","70.4 %","28.8 %","11.7 %","4.24","4.73","5.41","0.1","5615"
"Erick Fedde","Nationals","1","1","0","12","7","46.1","4.66","3.69","1.17",".259","82.4 %","53.9 %","15.0 %","3.50","5.22","5.24","0.1","17425"
"Ryan Burr","White Sox","1","1","0","16","1","19.2","9.15","3.66","1.37",".255","57.7 %","47.4 %","15.0 %","4.58","4.38","4.41","0.1","17536"
"A.J. Cole","Indians","2","1","0","21","0","21.1","10.55","2.53","1.69",".323","69.7 %","28.1 %","12.5 %","3.38","4.15","4.68","0.1","11467"
"Josh Lucas","Orioles","0","0","1","9","0","15.2","9.19","4.02","1.15",".273","49.5 %","45.7 %","10.0 %","5.74","4.17","5.03","0.1","11686"
"Brandon Brennan","Mariners","2","6","0","30","0","34.0","9.26","5.29","1.06",".261","60.4 %","55.4 %","18.2 %","5.56","4.45","4.20","0.1","13527"
"Mike Morin","Twins","0","0","1","23","0","22.2","4.37","0.79","1.19",".230","65.7 %","47.4 %","12.5 %","3.18","4.49","4.86","0.1","13442"
"Jeffrey Springs","Rangers","4","1","0","20","0","26.0","8.65","6.23","1.04",".351","68.5 %","24.1 %","8.3 %","6.23","4.87","6.10","0.1","17677"
"Matt Wisler","- - -","2","2","0","24","0","32.0","10.69","2.81","1.69",".371","71.4 %","40.9 %","19.4 %","5.63","4.21","3.69","0.1","12804"
"Dylan Cease","White Sox","1","1","0","2","2","11.0","10.64","4.09","1.64",".333","59.2 %","37.5 %","18.2 %","5.73","4.85","4.46","0.1","18525"
"Aaron Wilkerson","Brewers","0","0","0","5","0","10.1","7.84","6.10","0.00",".444","65.2 %","44.4 %","0.0 %","6.97","3.50","5.42","0.1","16904"
"Gerardo Reyes","Padres","4","0","0","17","0","15.2","13.21","5.17","1.15",".385","33.1 %","40.0 %","11.1 %","10.91","3.85","4.46","0.1","16306"
"Joe Biagini","Blue Jays","3","1","1","43","0","41.2","8.64","3.24","1.51",".310","81.3 %","46.7 %","21.2 %","3.89","4.63","4.01","0.1","13194"
"Elieser Hernandez","Marlins","1","3","0","10","5","33.2","10.16","2.14","2.14",".253","80.5 %","37.8 %","20.0 %","4.28","5.12","4.37","0.1","16933"
"Connor Sadzeck","Mariners","0","1","1","20","0","23.2","10.27","5.70","1.14",".250","81.2 %","46.0 %","13.0 %","2.66","4.74","5.01","0.1","13483"
"Ryan Weber","Red Sox","1","1","0","7","3","20.1","6.20","1.33","1.33",".333","71.9 %","49.3 %","15.0 %","5.31","4.64","4.66","0.1","10160"
"Nick Ramirez","Tigers","4","3","0","19","0","43.0","8.16","3.77","1.47",".262","70.5 %","44.9 %","14.0 %","4.60","4.84","5.02","0.1","12575"
"Stefan Crichton","Diamondbacks","0","0","0","8","0","10.0","9.90","2.70","0.90",".250","62.5 %","44.0 %","9.1 %","4.50","3.51","4.39","0.1","16058"
"Ryan Buchter","Athletics","0","1","0","41","0","24.1","10.73","6.29","1.11",".317","84.2 %","23.4 %","11.5 %","3.33","4.65","5.16","0.1","9456"
"Devin Smeltzer","Twins","0","1","0","3","2","16.2","7.02","2.16","2.16",".209","96.5 %","41.3 %","20.0 %","3.24","5.49","4.74","0.1","19487"
"Matt Strahm","Padres","3","7","0","16","15","80.2","8.59","1.90","2.23",".301","73.5 %","33.3 %","18.7 %","5.47","5.35","4.74","0.1","13799"
"Jake McGee","Rockies","0","1","0","23","0","22.1","7.66","2.82","1.61",".279","84.8 %","31.7 %","12.9 %","3.22","4.78","5.19","0.1","7550"
"Tyler Duffey","Twins","1","1","0","27","0","30.0","10.80","1.80","2.10",".280","67.4 %","41.2 %","21.9 %","3.60","4.65","3.72","0.1","13758"
"Dylan Covey","White Sox","1","5","0","11","8","39.0","5.54","5.08","1.38",".276","64.8 %","39.2 %","12.8 %","6.00","5.75","6.13","0.1","14825"
"Dallas Keuchel","Braves","3","3","0","6","6","37.2","5.26","2.87","1.43",".271","80.3 %","57.7 %","24.0 %","3.58","5.23","4.47","0.1","9434"
"Wade LeBlanc","Mariners","5","3","0","14","7","71.2","6.91","2.13","2.01",".298","73.8 %","40.0 %","16.8 %","5.15","5.34","5.05","0.1","5221"
"Matt Bowman","Reds","1","0","0","17","0","19.1","6.98","4.19","0.93",".263","77.6 %","50.0 %","11.8 %","3.72","4.40","4.80","0.1","13528"
"Clay Holmes","Pirates","1","0","0","20","0","29.2","9.71","4.85","0.91",".268","66.2 %","63.4 %","16.7 %","4.85","4.39","4.28","0.1","13649"
"Zack Godley","Diamondbacks","3","5","2","23","9","68.2","6.95","3.67","1.44",".306","62.9 %","43.5 %","14.5 %","6.29","5.11","5.21","0.1","14862"
"Joe Jimenez","Tigers","2","6","0","40","0","35.0","13.11","4.11","2.06",".346","68.5 %","28.2 %","21.6 %","5.66","4.99","4.10","0.1","15761"
"Yoan Lopez","Diamondbacks","1","2","0","42","0","36.0","6.75","2.75","1.25",".188","96.3 %","50.5 %","21.7 %","1.50","4.44","3.89","0.1","17181"
"JT Chargois","Dodgers","1","0","0","10","0","10.1","14.81","3.48","1.74",".222","69.4 %","35.0 %","33.3 %","4.35","3.60","2.23","0.1","13767"
"Casey Sadler","- - -","0","0","0","11","0","22.0","5.32","2.45","0.82",".235","86.2 %","55.1 %","10.5 %","2.05","4.31","4.83","0.1","11209"
"Chi Chi Gonzalez","Rockies","0","2","0","3","3","14.0","6.43","5.79","1.29",".318","76.6 %","48.9 %","20.0 %","5.14","5.57","5.12","0.0","14663"
"Cy Sneed","Astros","0","0","0","2","0","11.0","9.00","1.64","1.64",".355","82.0 %","48.5 %","22.2 %","4.09","4.12","3.38","0.0","16106"
"Pedro Strop","Cubs","1","3","9","27","0","23.1","9.64","3.09","1.54",".245","68.6 %","56.1 %","23.5 %","4.63","4.46","3.67","0.0","4070"
"Ranger Suarez","Phillies","1","0","0","8","0","12.2","8.53","2.84","1.42",".314","84.5 %","41.7 %","20.0 %","3.55","4.32","3.83","0.0","17277"
"Brian Johnson","Red Sox","1","1","0","7","2","14.0","8.36","3.86","1.93",".404","71.4 %","40.8 %","14.3 %","6.43","5.43","5.60","0.0","14272"
"Thomas Pannone","Blue Jays","2","3","0","24","2","39.1","9.15","4.58","1.37",".303","64.6 %","34.5 %","11.8 %","6.18","4.84","5.42","0.0","17281"
"Jared Hughes","Reds","3","2","0","37","0","38.1","6.10","2.58","1.17",".204","77.4 %","62.9 %","21.7 %","3.05","4.49","3.98","0.0","9325"
"Clay Buchholz","Blue Jays","0","2","0","5","5","24.2","4.38","2.19","1.82",".318","64.5 %","40.9 %","16.1 %","6.57","5.61","5.45","0.0","3543"
"A.J. Minter","Braves","3","4","5","29","0","23.1","11.57","6.94","0.77",".355","64.7 %","34.9 %","8.7 %","6.56","4.20","5.03","0.0","18655"
"Daniel Stumpf","Tigers","1","0","0","41","0","24.2","9.12","4.74","1.46",".338","71.4 %","36.4 %","14.3 %","4.38","4.88","5.01","0.0","13780"
"Luis Cessa","Yankees","0","1","0","24","0","41.2","9.29","3.67","1.73",".301","74.3 %","46.3 %","20.5 %","4.54","5.01","4.37","0.0","13345"
"Chris Archer","Pirates","3","6","0","17","17","90.2","10.52","4.47","2.18",".275","74.6 %","35.6 %","22.2 %","5.36","5.59","4.59","0.0","6345"
"Jorge Lopez","Royals","1","7","0","24","10","75.2","9.04","3.09","1.90",".343","64.9 %","43.7 %","21.1 %","6.42","5.18","4.42","0.0","14527"
"D.J. Johnson","Rockies","0","1","0","14","0","11.2","7.71","8.49","0.00",".385","57.1 %","41.0 %","0.0 %","9.26","4.84","7.04","0.0","12578"
"Chris Stratton","- - -","1","2","0","17","5","50.0","7.20","3.78","1.62",".358","67.2 %","40.6 %","16.1 %","6.66","5.21","5.09","0.0","13761"
"Peter Lambert","Rockies","2","1","0","7","7","35.2","5.80","1.77","2.27",".296","71.1 %","44.6 %","24.3 %","6.06","5.96","4.73","0.0","17969"
"Joe Harvey","Yankees","1","0","0","9","0","10.0","9.90","6.30","0.90",".357","73.9 %","48.3 %","10.0 %","4.50","4.71","5.39","0.0","16459"
"Dario Agrazal","Pirates","2","0","0","4","4","22.0","2.86","3.27","1.23",".250","89.6 %","37.3 %","10.0 %","2.45","5.71","6.63","0.0","15821"
"Taylor Williams","Brewers","1","1","0","7","0","10.2","8.44","4.22","0.84",".474","42.4 %","62.2 %","33.3 %","12.66","4.25","3.58","0.0","14899"
"Tony Watson","Giants","2","0","0","41","0","38.2","6.75","1.16","1.40",".282","88.1 %","46.7 %","14.6 %","3.03","4.35","4.43","0.0","3132"
"Colten Brewer","Red Sox","1","2","0","39","0","41.1","8.71","6.10","0.87",".336","77.5 %","50.0 %","12.1 %","4.35","4.64","4.96","0.0","12997"
"Anthony Swarzak","- - -","2","2","4","34","0","33.0","10.64","4.09","1.91",".205","91.9 %","46.2 %","25.9 %","2.45","4.97","3.83","0.0","7466"
"Jeanmar Gomez","Rangers","1","0","0","16","0","15.1","5.87","3.52","1.17",".389","55.2 %","53.6 %","18.2 %","8.22","4.98","4.70","0.0","9033"
"Gregory Soto","Tigers","0","3","0","9","7","27.1","6.59","3.95","1.98",".311","63.8 %","44.2 %","16.7 %","7.24","5.92","5.67","0.0","19677"
"Brad Boxberger","Royals","1","3","1","29","0","26.2","9.11","5.74","1.01",".297","69.6 %","39.5 %","10.0 %","5.40","4.68","5.44","0.0","10133"
"Touki Toussaint","Braves","4","0","0","23","1","39.1","9.84","5.26","0.92",".336","69.9 %","44.0 %","9.3 %","5.26","4.64","5.47","0.0","16929"
"Kyle Freeland","Rockies","2","6","0","13","13","63.1","7.39","3.55","2.27",".308","60.1 %","42.5 %","20.0 %","7.39","6.14","5.35","0.0","16256"
"Nick Pivetta","Phillies","4","4","0","13","13","69.0","7.57","3.26","2.09",".302","71.4 %","41.2 %","22.5 %","5.74","5.72","4.74","0.0","15454"
"Sam Gaviglio","Blue Jays","4","1","0","32","0","63.1","8.24","1.71","1.85",".266","71.7 %","47.3 %","18.8 %","4.69","4.76","4.24","0.0","12778"
"Chance Adams","Yankees","1","0","1","4","0","12.0","7.50","3.75","1.50",".324","58.1 %","41.0 %","13.3 %","6.75","5.21","5.52","0.0","18135"
"Ryan Helsley","Cardinals","0","0","0","7","0","10.1","10.45","4.35","1.74",".136","83.3 %","26.1 %","18.2 %","3.48","4.86","4.45","0.0","18138"
"Sean Reid-Foley","Blue Jays","0","1","0","4","2","12.2","8.53","4.26","1.42",".257","72.4 %","43.2 %","13.3 %","3.55","5.03","5.32","0.0","17034"
"Glenn Sparkman","Royals","3","5","0","18","10","73.1","5.15","2.21","1.72",".278","76.2 %","39.6 %","16.1 %","4.54","5.41","5.27","0.0","15200"
"Travis Bergen","Giants","2","0","0","18","0","17.0","7.94","3.71","1.06",".261","72.9 %","39.6 %","11.1 %","4.24","4.39","4.95","0.0","18581"
"Junior Guerra","Brewers","3","2","2","42","0","51.0","8.65","4.06","1.41",".231","72.0 %","40.7 %","16.0 %","4.41","4.86","4.76","0.0","5702"
"Zac Rosscup","- - -","2","0","0","28","0","18.0","13.00","9.50","1.00",".426","68.1 %","55.1 %","18.2 %","5.00","4.94","4.70","0.0","9419"
"Jairo Diaz","Rockies","2","2","0","27","0","25.1","9.95","3.20","2.13",".288","79.0 %","47.2 %","22.2 %","4.97","5.27","4.29","0.0","12774"
"Carl Edwards Jr.","Cubs","1","1","0","19","0","15.0","10.20","4.80","1.80",".125","46.3 %","22.9 %","16.7 %","5.40","5.15","4.92","0.0","13607"
"Tyson Ross","Tigers","1","5","0","7","7","35.1","6.37","4.58","1.78",".306","63.8 %","51.3 %","22.6 %","6.11","5.99","5.14","0.0","7872"
"Jeff Brigham","Marlins","0","0","0","8","0","12.2","13.50","4.97","2.13",".333","67.6 %","10.0 %","15.8 %","5.68","4.95","4.83","0.0","16631"
"Ross Detwiler","White Sox","1","0","0","3","2","14.1","3.77","1.88","1.88",".360","67.3 %","60.4 %","23.1 %","5.02","5.94","5.01","0.0","2859"
"Mike Dunn","Rockies","1","0","0","28","0","17.2","7.64","3.06","2.04",".260","51.7 %","38.5 %","16.0 %","7.13","5.48","5.33","0.0","9948"
"Gabriel Ynoa","Orioles","1","6","0","19","7","61.1","5.58","2.64","1.91",".298","59.4 %","46.1 %","15.7 %","6.31","5.71","5.63","0.0","12938"
"Dinelson Lamet","Padres","0","2","0","2","2","10.0","12.60","3.60","2.70",".238","68.2 %","33.3 %","25.0 %","6.30","5.81","4.28","-0.1","17186"
"Jacob Barnes","Brewers","1","1","0","18","1","19.2","10.07","5.03","1.37",".322","55.6 %","45.2 %","16.7 %","6.86","4.64","4.46","-0.1","12323"
"J. D. Hammer","Phillies","1","0","0","20","0","19.0","6.16","5.68","0.95",".241","78.5 %","41.1 %","8.7 %","3.79","5.11","6.13","-0.1","19548"
"Genesis Cabrera","Cardinals","0","2","0","5","2","11.2","7.71","5.40","1.54",".333","59.4 %","32.5 %","12.5 %","6.17","5.79","6.27","-0.1","17490"
"T.J. McFarland","Diamondbacks","0","0","0","21","0","31.1","5.46","3.73","0.86",".343","61.5 %","56.7 %","13.6 %","6.03","4.59","4.73","-0.1","3237"
"Dominic Leone","Cardinals","0","0","1","27","0","29.0","10.86","4.34","1.86",".306","62.5 %","36.4 %","18.8 %","6.52","4.94","4.43","-0.1","13763"
"Luis Avilan","Mets","2","0","0","14","0","12.1","8.03","4.38","1.46",".385","61.3 %","36.6 %","15.4 %","8.03","5.24","5.21","-0.1","2882"
"Tyler Thornburg","Red Sox","0","0","0","16","0","18.2","10.61","4.82","1.93",".347","60.6 %","30.2 %","15.4 %","7.71","5.41","5.38","-0.1","10688"
"Austin Pruitt","Rays","1","0","0","7","0","20.2","6.97","3.48","1.31",".311","65.9 %","59.0 %","21.4 %","5.66","4.71","4.16","-0.1","15290"
"Josh Tomlin","Braves","1","1","1","32","0","51.0","6.18","0.71","1.76",".248","73.7 %","33.1 %","14.3 %","3.88","4.63","4.79","-0.1","9388"
"Tanner Rainey","Nationals","1","3","0","24","0","21.1","13.08","7.17","1.27",".233","75.5 %","53.3 %","23.1 %","4.22","4.81","4.18","-0.1","17610"
"Tyler Webb","Cardinals","0","1","1","36","0","30.1","7.71","4.75","1.19",".232","73.5 %","41.7 %","12.5 %","4.45","4.99","5.36","-0.1","14974"
"Randy Rosario","Cubs","1","0","0","13","0","10.2","8.44","4.22","1.69",".313","63.4 %","55.9 %","50.0 %","5.91","5.18","3.49","-0.1","14508"
"Greg Holland","Diamondbacks","1","1","15","33","0","31.0","10.74","5.23","1.45",".209","86.7 %","45.1 %","17.9 %","3.19","4.67","4.35","-0.1","7196"
"Jimmy Yacabonis","Orioles","1","2","0","21","2","32.1","7.52","3.90","1.95",".290","74.0 %","36.0 %","15.6 %","5.29","5.75","5.68","-0.1","15157"
"Justin Shafer","Blue Jays","1","1","0","9","0","12.2","8.53","6.39","1.42",".265","98.8 %","19.4 %","10.5 %","2.13","5.50","6.41","-0.1","16132"
"Montana DuRapau","Pirates","0","1","0","10","2","10.2","10.13","3.38","2.53",".387","44.3 %","41.2 %","33.3 %","8.44","6.03","4.04","-0.1","16768"
"Cole Irvin","Phillies","2","1","0","6","3","25.1","8.17","2.49","2.49",".333","59.0 %","28.9 %","20.0 %","7.82","6.06","5.19","-0.1","19244"
"Jimmy Nelson","Brewers","0","2","0","4","3","14.0","9.64","9.00","1.29",".390","62.9 %","32.6 %","14.3 %","8.36","6.14","6.26","-0.1","10547"
"Kevin McCarthy","Royals","2","1","1","24","0","26.2","3.71","4.39","0.68",".327","69.3 %","51.5 %","8.3 %","5.40","5.05","5.85","-0.1","15240"
"Aaron Brooks","- - -","2","3","0","17","8","55.2","7.28","2.59","1.94",".250","76.5 %","42.5 %","17.9 %","4.69","5.59","5.16","-0.1","12272"
"Kohl Stewart","Twins","1","1","0","4","2","17.1","2.08","2.60","1.56",".228","77.4 %","55.9 %","20.0 %","4.15","5.87","5.33","-0.1","15502"
"Matt Harvey","Angels","3","4","0","11","11","53.2","6.37","4.02","1.84",".278","60.7 %","41.3 %","20.8 %","6.88","5.97","5.26","-0.1","11713"
"Hector Rondon","Astros","3","2","0","38","1","35.2","7.57","4.04","1.26",".294","73.9 %","48.1 %","13.2 %","4.79","4.87","5.15","-0.1","2391"
"Carson Fulmer","White Sox","1","1","0","12","1","15.2","10.34","8.04","1.15",".326","64.1 %","45.8 %","13.3 %","6.32","5.83","6.06","-0.1","18311"
"Chris Flexen","Mets","0","3","0","8","1","13.0","6.92","9.00","0.69",".302","58.6 %","34.1 %","5.3 %","6.92","5.68","7.56","-0.1","13896"
"Kyle McGowin","Nationals","0","0","1","3","1","10.0","9.90","1.80","2.70",".355","39.1 %","45.5 %","30.0 %","9.90","5.81","3.89","-0.1","15071"
"Luke Bard","Angels","1","2","0","20","2","29.0","7.45","2.79","1.86",".291","65.5 %","29.3 %","14.0 %","5.90","5.39","5.62","-0.1","14288"
"Justin Wilson","Mets","1","1","1","14","0","12.2","7.11","2.84","1.42",".229","75.8 %","54.3 %","25.0 %","3.55","5.11","4.30","-0.1","4301"
"Jeremy Hellickson","Nationals","2","3","0","9","8","39.0","6.92","4.62","2.08",".309","66.8 %","38.9 %","17.0 %","6.23","6.29","5.97","-0.1","4371"
"Keone Kela","Pirates","1","0","0","14","0","11.2","8.49","3.09","2.31",".250","83.3 %","37.1 %","18.8 %","4.63","5.70","5.07","-0.1","14696"
"Bryse Wilson","Braves","1","1","0","5","4","18.2","7.71","4.82","1.93",".327","60.6 %","33.3 %","16.7 %","6.75","5.89","5.65","-0.1","19990"
"Allen Webster","Cubs","0","0","1","12","0","11.0","7.36","4.09","1.64",".343","75.6 %","56.8 %","22.2 %","4.91","5.58","4.83","-0.1","3993"
"Tanner Scott","Orioles","0","0","0","12","0","11.1","14.29","8.74","2.38",".462","78.0 %","37.9 %","37.5 %","5.56","6.39","4.34","-0.1","17586"
"Tyler Kinley","Marlins","1","0","0","25","0","24.2","10.22","6.93","1.09",".388","78.1 %","39.1 %","12.0 %","5.11","4.96","5.38","-0.1","18297"
"Tayron Guerrero","Marlins","1","1","0","35","0","32.0","9.56","7.03","0.84",".273","75.8 %","37.5 %","8.6 %","4.22","5.03","5.97","-0.1","11691"
"Jerry Blevins","Braves","1","0","0","24","0","17.1","11.42","5.71","1.56",".295","79.8 %","26.1 %","14.3 %","4.15","5.00","5.15","-0.1","7841"
"Odrisamer Despaigne","White Sox","0","2","0","3","3","13.1","4.73","4.73","2.03",".420","64.8 %","26.4 %","14.3 %","9.45","6.89","7.07","-0.1","16017"
"Josh A. Smith","Red Sox","0","2","1","10","2","18.1","9.33","2.45","2.45",".327","72.7 %","33.9 %","23.8 %","5.40","5.83","4.55","-0.1","10946"
"Robert Stock","Padres","1","0","0","10","0","10.2","12.66","6.75","1.69",".400","44.6 %","50.0 %","16.7 %","10.13","5.37","5.15","-0.1","6576"
"Yefry Ramirez","Orioles","0","2","0","4","1","10.1","9.58","7.84","1.74",".360","67.7 %","42.3 %","20.0 %","6.97","6.80","6.19","-0.1","15655"
"Nate Jones","White Sox","0","1","1","13","0","10.1","8.71","6.10","1.74",".296","92.1 %","51.7 %","20.0 %","3.48","6.12","5.51","-0.1","4696"
"Tyler Beede","Giants","3","3","0","11","9","51.1","8.77","4.91","1.58",".303","71.0 %","45.4 %","17.3 %","5.44","5.30","5.02","-0.1","16981"
"Wandy Peralta","Reds","0","1","0","30","0","25.1","8.17","3.20","1.78",".265","69.2 %","47.9 %","22.7 %","5.33","5.15","4.30","-0.1","14295"
"Jose Suarez","Angels","2","1","0","7","7","32.2","10.19","3.86","2.76",".325","82.5 %","28.3 %","20.4 %","5.51","6.49","5.47","-0.1","19911"
"Derek Law","Blue Jays","0","1","0","28","4","30.0","11.40","4.80","2.10",".357","65.6 %","53.9 %","28.0 %","6.90","5.41","4.03","-0.1","13133"
"Mike Wright Jr.","- - -","0","1","1","19","0","29.1","9.20","3.68","1.84",".392","56.5 %","38.8 %","16.7 %","7.98","5.26","5.02","-0.1","12586"
"Marco Estrada","Athletics","0","2","0","5","5","23.2","4.18","3.04","2.66",".208","62.0 %","19.3 %","12.7 %","6.85","7.52","8.27","-0.2","1118"
"Scott Alexander","Dodgers","3","2","0","28","0","17.1","4.67","3.63","1.04",".263","81.1 %","61.0 %","20.0 %","3.63","5.06","4.70","-0.2","10591"
"Vince Velasquez","Phillies","2","5","0","21","11","61.0","10.33","3.54","2.51",".289","82.6 %","34.7 %","22.1 %","4.87","5.87","4.74","-0.2","11189"
"Dereck Rodriguez","Giants","4","5","0","18","9","61.1","6.16","3.38","1.47",".274","64.4 %","44.9 %","16.4 %","4.99","5.19","5.03","-0.2","14509"
"Anthony Bass","Mariners","1","3","1","18","0","22.1","6.04","3.63","1.61",".222","74.8 %","50.0 %","20.0 %","4.43","5.41","4.85","-0.2","7982"
"Austin Adams","- - -","0","0","0","15","0","16.2","7.56","7.02","2.16",".286","70.9 %","41.5 %","19.0 %","7.02","6.99","6.36","-0.2","7411"
"Jose Ruiz","White Sox","1","1","0","26","0","24.0","7.13","6.00","1.88",".372","77.3 %","32.1 %","14.7 %","6.38","6.46","6.55","-0.2","14552"
"Dan Otero","Indians","0","0","0","20","0","23.2","3.80","1.14","1.90",".314","79.3 %","54.9 %","20.8 %","4.56","5.62","4.88","-0.2","7385"
"Adalberto Mejia","Twins","0","2","0","13","0","15.1","8.80","7.04","1.76",".317","50.4 %","22.7 %","15.0 %","8.80","6.15","6.18","-0.2","13188"
"Michael Shawaryn","Red Sox","0","0","0","8","0","12.2","14.21","4.97","2.84",".346","63.2 %","33.3 %","25.0 %","8.53","6.53","4.92","-0.2","19495"
"Alex Claudio","Brewers","2","2","0","52","0","39.2","6.58","3.18","1.36",".263","77.3 %","56.7 %","20.0 %","4.08","5.08","4.61","-0.2","12890"
"Enyel De Los Santos","Phillies","0","1","0","5","1","11.0","7.36","4.09","3.27",".321","72.6 %","38.7 %","36.4 %","7.36","7.67","4.92","-0.2","18403"
"Clayton Richard","Blue Jays","1","5","0","10","10","45.1","4.37","3.57","1.79",".297","67.3 %","55.8 %","24.3 %","5.96","6.28","5.31","-0.2","3551"
"Wes Parsons","Braves","1","2","0","15","0","14.1","7.53","6.91","1.26",".265","78.1 %","44.4 %","14.3 %","3.77","5.66","5.77","-0.2","14764"
"Neil Ramirez","Indians","0","1","0","16","0","16.2","9.72","4.86","2.70",".302","80.0 %","25.0 %","17.9 %","5.40","6.57","5.99","-0.2","7677"
"Geoff Hartlieb","Pirates","0","1","0","14","0","20.0","9.00","4.50","2.25",".383","64.5 %","50.8 %","29.4 %","8.10","5.96","4.39","-0.2","19558"
"Nick Margevicius","Padres","2","6","0","12","12","53.1","6.41","2.87","2.03",".316","65.5 %","42.5 %","21.1 %","6.41","5.84","5.02","-0.2","20395"
"Andrew Miller","Cardinals","3","4","1","42","0","29.1","13.50","3.99","2.15",".316","78.3 %","36.5 %","33.3 %","3.99","5.16","3.47","-0.2","6785"
"Chad Sobotka","Braves","0","0","0","23","0","22.0","10.64","4.91","1.64",".283","66.9 %","47.4 %","20.0 %","5.32","5.26","4.69","-0.2","17470"
"Rookie Davis","Pirates","0","1","0","5","1","10.2","8.44","6.75","2.53",".300","76.0 %","45.2 %","33.3 %","6.75","7.25","5.26","-0.2","14962"
"Jake Newberry","Royals","1","0","0","16","0","21.2","7.06","3.32","2.08",".258","90.9 %","35.8 %","14.3 %","3.74","5.75","5.94","-0.2","15136"
"Adbert Alzolay","Cubs","1","1","0","3","2","11.1","9.53","5.56","3.18",".267","76.4 %","32.4 %","28.6 %","7.15","7.80","5.65","-0.2","17859"
"Phil Maton","Padres","0","0","0","21","0","24.1","7.40","2.22","2.22",".341","58.3 %","44.2 %","22.2 %","7.77","5.64","4.62","-0.2","18064"
"Edubray Ramos","Phillies","1","0","0","18","0","14.0","5.79","3.21","2.57",".318","81.5 %","25.5 %","14.8 %","5.14","6.93","7.02","-0.2","16086"
"Branden Kline","Orioles","1","4","0","20","0","25.1","8.53","3.55","2.49",".286","62.5 %","31.6 %","25.9 %","6.75","6.10","4.61","-0.2","14101"
"Matthew Festa","Mariners","0","2","0","19","0","20.1","7.08","5.31","1.77",".250","69.3 %","37.7 %","15.4 %","5.75","6.26","6.23","-0.2","19330"
"Tyler Chatwood","Cubs","4","1","1","21","3","46.0","7.04","5.09","1.37",".283","78.4 %","53.0 %","25.9 %","4.30","5.45","4.63","-0.2","4338"
"Reed Garrett","Tigers","0","0","0","13","0","15.1","5.87","7.63","1.76",".420","68.1 %","43.4 %","13.0 %","8.22","7.19","7.61","-0.2","16866"
"Tyler Bashlor","Mets","0","3","0","13","0","11.2","9.26","5.40","2.31",".233","78.1 %","34.4 %","18.8 %","5.40","6.30","5.67","-0.2","15203"
"Matt Grace","Nationals","0","2","0","40","0","35.0","5.91","2.06","1.80",".327","64.8 %","48.7 %","20.6 %","6.17","5.27","4.59","-0.3","11449"
"Alex Wilson","Brewers","1","1","1","13","0","11.1","10.32","7.15","2.38",".375","60.6 %","40.0 %","30.0 %","9.53","6.74","5.04","-0.3","9239"
"Blake Parker","Twins","1","2","10","34","0","34.0","8.21","3.97","1.85",".244","88.4 %","46.9 %","21.2 %","3.44","5.57","4.81","-0.3","5224"
"Shelby Miller","Rangers","1","3","0","19","8","44.0","6.14","5.93","1.64",".333","55.8 %","41.4 %","13.1 %","8.59","6.40","6.77","-0.3","10197"
"Pat Neshek","Phillies","0","1","3","20","0","18.0","4.50","1.00","2.50",".286","77.8 %","41.8 %","18.5 %","5.00","6.16","5.51","-0.3","4682"
"Erik Swanson","Mariners","1","5","0","8","7","33.1","7.02","1.62","3.24",".280","44.9 %","32.5 %","23.5 %","8.10","6.87","5.22","-0.3","16587"
"Adam Plutko","Indians","3","1","0","8","7","41.2","5.83","1.08","2.81",".256","74.0 %","29.7 %","19.7 %","5.40","6.48","5.55","-0.3","15846"
"Yimi Garcia","Dodgers","1","3","0","37","0","37.1","8.20","2.41","2.17",".115","76.1 %","30.9 %","16.1 %","3.86","5.49","5.32","-0.3","12095"
"Tim Hill","Royals","0","0","0","12","0","10.0","7.20","4.50","1.80",".259","77.5 %","64.3 %","28.6 %","4.50","6.61","5.40","-0.3","16814"
"Kyle Dowdy","Rangers","2","1","0","13","1","22.1","6.85","7.25","1.61",".314","63.5 %","43.8 %","21.1 %","7.25","6.57","5.92","-0.3","19285"
"Josh Osich","White Sox","0","0","0","29","0","33.2","6.68","1.87","2.41",".260","66.9 %","38.8 %","20.9 %","5.88","5.83","4.87","-0.3","11528"
"Joe Ross","Nationals","0","1","0","17","0","14.2","7.36","5.52","1.84",".380","52.0 %","47.2 %","16.7 %","11.05","6.90","6.66","-0.3","12972"
"Corbin Burnes","Brewers","1","5","1","30","4","46.0","13.11","3.91","3.13",".417","56.6 %","44.4 %","39.0 %","9.00","6.13","3.37","-0.3","19361"
"Nathan Eovaldi","Red Sox","0","0","0","4","4","21.0","6.86","4.71","2.57",".254","73.2 %","47.7 %","25.0 %","6.00","7.12","5.66","-0.3","9132"
"Nick Vincent","Giants","0","2","0","18","1","30.2","8.80","2.35","2.05",".322","72.6 %","38.5 %","21.2 %","5.58","5.30","4.46","-0.3","7555"
"Nick Kingham","- - -","3","2","1","24","4","52.2","7.52","4.10","1.88",".387","65.0 %","39.1 %","16.4 %","7.69","5.63","5.42","-0.3","11694"
"Drew Pomeranz","Giants","2","9","0","17","17","72.1","10.45","4.35","2.12",".357","73.6 %","37.0 %","21.5 %","6.10","5.56","4.67","-0.3","11426"
"Dan Winkler","Braves","3","1","0","27","0","21.2","9.14","4.57","2.08",".241","69.6 %","30.5 %","20.8 %","4.98","5.85","5.03","-0.3","12237"
"Elvis Luciano","Blue Jays","1","0","0","20","0","27.2","7.16","7.48","1.30",".337","73.0 %","38.9 %","11.4 %","6.51","6.32","6.94","-0.3","20632"
"Wilmer Font","- - -","2","2","0","25","3","45.0","8.40","3.60","2.00",".279","76.0 %","38.2 %","16.7 %","5.20","5.57","5.31","-0.3","5257"
"Tyler Anderson","Rockies","0","3","0","5","5","20.2","10.02","4.79","3.48",".391","51.8 %","41.4 %","34.8 %","11.76","7.62","4.78","-0.3","12880"
"Heath Fillmyer","Royals","0","1","0","4","3","15.0","4.20","3.00","3.00",".302","61.9 %","43.1 %","26.3 %","9.00","8.01","6.18","-0.3","17466"
"Blaine Hardy","Tigers","1","1","0","30","0","37.2","4.78","2.15","2.15",".164","64.1 %","51.3 %","20.5 %","4.54","5.98","5.18","-0.3","6499"
"Seunghwan Oh","Rockies","3","1","0","21","0","18.1","7.85","2.95","2.95",".383","60.2 %","37.9 %","25.0 %","9.33","6.71","5.04","-0.3","18719"
"Andrew Suarez","Giants","0","2","0","3","2","11.2","6.94","6.17","3.09",".324","48.9 %","39.0 %","33.3 %","10.03","8.19","5.76","-0.3","18300"
"Austin Davis","Phillies","0","0","0","8","0","12.0","10.50","8.25","3.00",".367","76.9 %","29.4 %","26.7 %","8.25","8.71","6.85","-0.3","17117"
"Kyle Wright","Braves","0","2","0","3","3","14.0","7.07","6.43","2.57",".282","73.5 %","45.2 %","26.7 %","7.07","7.71","6.12","-0.3","19665"
"Mike Foltynewicz","Braves","2","5","0","11","11","59.1","7.58","3.03","2.43",".279","61.3 %","34.6 %","20.5 %","6.37","6.15","5.24","-0.3","10811"
"Taylor Clarke","Diamondbacks","2","3","1","10","9","42.0","6.86","3.64","2.14",".302","69.6 %","41.6 %","17.9 %","6.21","6.29","5.82","-0.3","17611"
"Craig Stammen","Padres","6","4","4","46","0","49.1","7.11","1.28","1.82",".294","77.6 %","51.9 %","21.3 %","3.83","4.75","4.00","-0.3","7274"
"Brad Wieck","Padres","0","1","0","30","0","24.2","11.31","3.28","2.55",".306","64.9 %","33.3 %","21.9 %","6.57","5.61","4.48","-0.3","16390"
"Victor Alcantara","Tigers","3","2","0","42","0","38.1","5.17","3.05","1.88",".277","70.8 %","51.6 %","19.0 %","5.17","5.88","5.33","-0.3","15028"
"Justin Miller","Nationals","1","0","0","17","0","15.2","6.32","2.30","2.87",".256","93.3 %","19.1 %","17.9 %","4.02","7.11","6.49","-0.3","8580"
"Kyle Crick","Pirates","3","5","0","35","0","33.1","11.07","7.56","1.35",".257","83.7 %","48.0 %","16.7 %","3.78","5.58","5.41","-0.4","13182"
"Jose Quijada","Marlins","0","3","1","13","0","10.1","10.45","9.58","1.74",".308","88.5 %","29.6 %","20.0 %","3.48","6.89","6.29","-0.4","19200"
"Adam Conley","Marlins","1","7","2","38","0","37.1","8.68","3.13","1.93",".365","59.5 %","37.3 %","19.0 %","7.96","5.28","4.71","-0.4","14457"
"Ryan Tepera","Blue Jays","0","2","0","12","0","11.0","7.36","4.91","3.27",".250","80.7 %","34.3 %","26.7 %","6.55","7.94","5.91","-0.4","10291"
"Chasen Bradford","Mariners","0","0","1","12","0","16.2","5.94","2.16","3.24",".229","95.2 %","51.9 %","31.6 %","4.86","7.29","4.87","-0.4","12452"
"Caleb Ferguson","Dodgers","0","1","0","22","1","23.0","10.96","5.09","2.35",".344","81.5 %","40.9 %","28.6 %","5.48","6.39","4.80","-0.4","19349"
"Jesus Tinoco","Rockies","0","1","0","7","0","13.0","4.85","2.77","3.46",".225","81.8 %","48.9 %","31.3 %","5.54","8.06","5.49","-0.4","16300"
"Ryan Carpenter","Tigers","1","6","0","9","9","40.2","5.53","2.88","2.66",".338","50.7 %","35.3 %","19.4 %","9.30","6.93","6.10","-0.4","12699"
"Wily Peralta","Royals","2","4","2","41","0","39.1","5.49","4.12","1.60",".294","70.3 %","46.4 %","15.9 %","5.26","5.76","5.65","-0.4","7738"
"Zach Duke","Reds","3","1","0","30","0","23.1","6.94","6.94","1.54",".266","79.1 %","47.8 %","23.5 %","5.01","6.47","5.68","-0.4","3840"
"Jeurys Familia","Mets","2","1","0","35","0","31.2","9.38","6.82","1.42",".357","65.5 %","54.0 %","20.0 %","7.11","5.74","5.25","-0.4","5114"
"Jerad Eickhoff","Phillies","3","4","1","12","10","58.1","7.87","2.78","2.78",".256","77.7 %","35.5 %","23.1 %","5.71","6.51","5.13","-0.4","12664"
"Ervin Santana","White Sox","0","2","0","3","3","13.1","3.38","4.05","4.05",".277","66.3 %","32.1 %","20.0 %","9.45","9.66","8.26","-0.4","3200"
"Jesse Biddle","- - -","0","1","0","30","0","28.0","8.36","7.07","1.61",".389","57.4 %","45.8 %","17.9 %","8.36","6.46","6.12","-0.4","11437"
"Richard Rodriguez","Pirates","3","3","1","45","0","41.1","7.40","3.70","1.96",".275","88.6 %","41.9 %","16.4 %","3.48","5.71","5.50","-0.4","13549"
"David Hess","Orioles","1","9","0","16","13","68.0","7.28","3.71","2.78",".285","57.8 %","32.1 %","20.6 %","7.15","6.89","5.84","-0.4","16130"
"Drew Gagnon","Mets","3","1","0","15","0","20.0","7.20","3.15","2.70",".303","63.9 %","38.9 %","20.0 %","7.65","6.86","5.93","-0.4","12545"
"Kyle Barraclough","Nationals","1","2","0","32","0","25.1","10.66","4.26","2.49",".352","71.8 %","37.7 %","21.9 %","6.39","6.10","5.00","-0.4","13713"
"Wei-Yin Chen","Marlins","0","1","0","27","0","35.0","7.97","2.83","2.06",".352","59.1 %","38.3 %","17.8 %","7.97","5.79","5.35","-0.5","13071"
"Josh Rogers","Orioles","0","1","0","5","0","14.1","3.14","3.77","4.40",".234","76.9 %","24.1 %","23.3 %","8.79","10.96","8.74","-0.5","18510"
"Michael Wacha","Cardinals","5","4","0","16","14","76.1","7.31","4.60","2.12",".305","74.4 %","45.8 %","24.0 %","5.54","6.23","5.10","-0.5","14078"
"Alex McRae","Pirates","0","2","0","4","0","12.1","10.95","4.38","4.38",".313","64.1 %","36.8 %","35.3 %","8.76","9.05","5.45","-0.5","16317"
"Manny Banuelos","White Sox","3","4","0","13","8","45.2","8.28","5.91","2.36",".333","73.3 %","33.3 %","20.7 %","6.90","6.83","5.92","-0.5","5365"
"Corbin Martin","Astros","1","1","0","5","5","19.1","8.84","5.59","3.72",".283","88.2 %","42.6 %","32.0 %","5.59","8.49","5.66","-0.5","19884"
"Zac Reininger","Tigers","0","0","0","18","0","18.2","2.89","4.82","2.89",".333","71.9 %","40.0 %","26.1 %","7.71","8.36","6.61","-0.5","15285"
"Trevor Cahill","Angels","3","6","0","18","11","70.0","6.81","3.09","2.31",".279","66.8 %","43.3 %","22.8 %","6.56","6.20","5.09","-0.5","6249"
"Edgar Garcia","Phillies","2","0","0","27","0","26.1","9.91","6.15","2.73",".297","79.9 %","32.4 %","22.9 %","6.15","7.01","5.69","-0.5","19276"
"Matt Koch","Diamondbacks","0","0","0","9","0","20.2","3.92","1.74","3.48",".300","63.4 %","35.9 %","23.5 %","9.15","8.68","6.90","-0.5","13420"
"Luis Garcia","Angels","1","1","1","38","2","35.2","6.81","5.05","2.02",".245","87.1 %","43.1 %","20.5 %","4.29","6.55","5.79","-0.5","6984"
"Mike Montgomery","Cubs","1","2","0","20","0","27.0","6.00","4.33","2.00",".337","75.8 %","43.3 %","28.6 %","5.67","6.21","4.86","-0.5","4869"
"Drew Steckenrider","Marlins","0","2","0","15","0","14.1","8.79","3.14","3.77",".094","75.8 %","31.6 %","24.0 %","6.28","7.96","5.96","-0.6","18806"
"Alex Cobb","Orioles","0","2","0","3","3","12.1","5.84","1.46","6.57",".293","67.3 %","46.0 %","60.0 %","10.95","11.89","4.80","-0.6","6562"
"Kyle Bird","Rangers","0","0","1","8","0","10.1","8.71","12.19","4.35",".192","79.0 %","38.7 %","33.3 %","9.58","12.21","8.79","-0.7","16618"
"Derek Holland","Giants","2","4","0","29","7","67.0","9.27","4.70","2.01",".270","70.0 %","39.6 %","20.8 %","5.51","5.81","5.02","-0.7","4141"
"Cody Allen","Angels","0","2","4","25","0","23.0","11.35","7.83","3.52",".259","89.2 %","19.7 %","20.9 %","6.26","8.39","6.99","-0.7","12183"
"Edwin Jackson","Blue Jays","1","5","0","8","5","28.1","6.04","4.13","3.81",".378","48.7 %","42.2 %","27.9 %","11.12","8.97","6.46","-0.8","1841"
"Adam Warren","Padres","4","1","0","25","0","28.2","7.85","3.77","2.83",".247","81.0 %","42.9 %","29.0 %","5.34","6.91","4.97","-0.8","9029"
"Drew Smyly","Rangers","1","5","1","13","9","51.1","9.12","5.96","3.33",".310","69.1 %","27.0 %","23.5 %","8.42","8.05","6.35","-0.9","11760"
"Dan Straily","Orioles","2","4","0","14","8","47.2","6.23","4.15","4.15",".325","66.5 %","27.9 %","24.2 %","9.82","9.34","7.11","-1.2","9460"
