"Name","Team","K/9","BB/9","K/BB","HR/9","K%","BB%","K-BB%","AVG","WHIP","BABIP","LOB%","ERA-","FIP-","xFIP-","ERA","FIP","E-F","xFIP","SIERA","playerid"
"Kirby Yates","Padres","14.36","1.93","7.44","0.21","41.4 %","5.6 %","35.8 %",".167","0.81",".293","81.5 %","25","27","51","1.07","1.19","-0.12","2.24","2.05","9073"
"Ken Giles","Blue Jays","15.19","2.81","5.40","0.56","42.2 %","7.8 %","34.4 %",".203","1.06",".355","89.7 %","37","35","55","1.69","1.59","0.10","2.50","2.23","12910"
"Matt Moore","Tigers","8.10","0.90","9.00","0.00","27.3 %","3.0 %","24.2 %",".094","0.40",".130","100.0 %","0","37","67","0.00","1.71","-1.71","3.10","3.23","1890"
"Max Scherzer","Nationals","12.60","1.60","7.87","0.63","35.2 %","4.5 %","30.7 %",".214","0.98",".322","80.7 %","51","46","64","2.30","2.02","0.28","2.82","2.86","3137"
"Liam Hendriks","Athletics","11.25","2.94","3.82","0.17","31.9 %","8.3 %","23.5 %",".189","1.00",".286","89.4 %","27","46","88","1.21","2.06","-0.85","4.05","3.35","3548"
"Brad Hand","Indians","13.73","2.29","6.00","0.69","38.5 %","6.4 %","32.1 %",".201","0.99",".321","84.2 %","48","45","63","2.29","2.07","0.22","2.89","2.47","9111"
"Aroldis Chapman","Yankees","13.01","2.95","4.42","0.49","34.9 %","7.9 %","27.0 %",".209","1.12",".321","74.0 %","53","44","55","2.45","2.10","0.36","2.52","2.81","10233"
"Felipe Vazquez","Pirates","14.06","2.45","5.73","0.67","37.5 %","6.6 %","31.0 %",".221","1.12",".352","86.8 %","47","48","60","2.01","2.10","-0.09","2.65","2.49","12076"
"Mike Clevinger","Indians","14.77","3.31","4.46","0.76","41.4 %","9.3 %","32.1 %",".189","1.05",".318","70.1 %","74","46","49","3.57","2.14","1.43","2.26","2.83","12808"
"Ian Kennedy","Royals","10.80","2.11","5.11","0.47","28.8 %","5.6 %","23.1 %",".253","1.23",".353","75.2 %","70","50","81","3.29","2.28","1.01","3.71","3.24","6986"
"Tyler Glasnow","Rays","10.24","1.68","6.11","0.56","30.1 %","4.9 %","25.1 %",".201","0.91",".276","82.9 %","42","52","65","1.86","2.30","-0.44","2.97","3.25","14374"
"Ryan Pressly","Astros","11.27","1.49","7.57","0.85","33.1 %","4.4 %","28.8 %",".170","0.78",".229","91.2 %","34","54","50","1.49","2.43","-0.95","2.28","2.47","7005"
"Austin Adams","- - -","15.90","4.81","3.31","0.74","43.9 %","13.3 %","30.6 %",".155","1.07",".282","70.3 %","84","55","50","3.70","2.47","1.22","2.30","2.79","13801"
"Giovanny Gallegos","Cardinals","12.67","1.45","8.71","1.04","37.7 %","4.3 %","33.3 %",".176","0.78",".253","82.8 %","58","58","67","2.49","2.52","-0.03","2.94","2.31","14986"
"Brendan McKay","Rays","7.31","0.56","13.00","0.56","22.4 %","1.7 %","20.7 %",".175","0.69",".209","83.3 %","38","58","82","1.69","2.59","-0.90","3.75","3.95","20186"
"Matt Barnes","Red Sox","16.38","4.62","3.55","0.92","41.8 %","11.8 %","30.0 %",".209","1.31",".370","71.7 %","91","57","49","4.38","2.60","1.79","2.23","2.72","12863"
"Taylor Rogers","Twins","11.60","1.48","7.86","0.84","32.5 %","4.1 %","28.4 %",".209","0.94",".293","93.8 %","36","56","64","1.69","2.63","-0.94","2.94","2.63","13449"
"Will Smith","Giants","12.81","2.06","6.22","1.14","37.8 %","6.1 %","31.8 %",".187","0.89",".269","82.1 %","64","65","53","2.75","2.71","0.04","2.36","2.39","8048"
"Josh Taylor","Red Sox","11.76","2.18","5.40","0.87","30.7 %","5.7 %","25.0 %",".268","1.31",".377","71.4 %","81","60","80","3.92","2.73","1.19","3.67","3.08","17359"
"Taylor Cole","Angels","8.64","3.96","2.18","0.00","22.4 %","10.3 %","12.2 %",".242","1.36",".324","68.6 %","81","60","89","3.60","2.73","0.87","4.08","4.29","11964"
"Sam Dyson","Giants","8.61","1.17","7.33","0.59","24.7 %","3.4 %","21.4 %",".219","0.93",".279","69.4 %","64","66","73","2.74","2.74","0.00","3.22","3.12","11710"
"Robert Stephenson","Reds","12.25","3.50","3.50","0.75","33.1 %","9.5 %","23.7 %",".187","1.08",".268","66.1 %","78","61","84","3.50","2.74","0.76","3.69","3.28","13594"
"Hansel Robles","Angels","9.27","2.22","4.18","0.60","26.0 %","6.2 %","19.8 %",".229","1.10",".299","80.4 %","59","61","90","2.62","2.77","-0.15","4.15","3.65","11801"
"Charlie Morton","Rays","11.22","2.81","4.00","0.68","31.2 %","7.8 %","23.4 %",".199","1.04",".280","80.8 %","53","63","69","2.35","2.79","-0.44","3.17","3.47","4676"
"Brandon Workman","Red Sox","12.68","6.14","2.07","0.20","35.2 %","17.1 %","18.2 %",".103","1.02",".171","80.7 %","38","62","79","1.84","2.81","-0.96","3.63","4.08","11428"
"Oliver Perez","Indians","11.52","1.08","10.67","1.08","30.2 %","2.8 %","27.4 %",".257","1.16",".348","74.6 %","68","61","72","3.24","2.81","0.43","3.31","2.83","1514"
"Hyun-Jin Ryu","Dodgers","8.15","0.85","9.55","0.78","23.5 %","2.5 %","21.1 %",".224","0.93",".273","86.3 %","42","65","70","1.78","2.84","-1.05","3.09","3.51","14444"
"Roberto Osuna","Astros","9.31","1.86","5.00","0.70","26.3 %","5.3 %","21.1 %",".189","0.91",".240","78.6 %","53","63","88","2.33","2.85","-0.52","4.04","3.53","13764"
"Sean Doolittle","Nationals","10.53","2.52","4.18","0.69","26.6 %","6.4 %","20.2 %",".263","1.35",".351","82.7 %","66","65","111","2.97","2.86","0.12","4.88","3.82","1581"
"Jordan Yamamoto","Marlins","9.00","4.50","2.00","0.00","25.8 %","12.9 %","12.9 %",".133","0.94",".190","73.5 %","38","67","109","1.59","2.89","-1.30","4.81","4.85","17585"
"Frankie Montas","Athletics","9.70","2.10","4.62","0.70","26.2 %","5.7 %","20.5 %",".231","1.12",".302","74.6 %","60","65","74","2.70","2.90","-0.20","3.41","3.68","14309"
"Harrison Musgrave","Rockies","10.80","6.30","1.71","0.00","25.5 %","14.9 %","10.6 %",".225","1.60",".321","75.0 %","71","62","129","3.60","2.91","0.69","5.68","4.94","16532"
"Lance Lynn","Rangers","9.84","2.04","4.83","0.77","26.2 %","5.4 %","20.8 %",".255","1.23",".333","72.8 %","78","61","82","3.87","2.92","0.95","3.77","3.84","2520"
"Mike Soroka","Braves","7.66","2.06","3.73","0.37","21.0 %","5.6 %","15.4 %",".218","1.05",".272","78.1 %","50","68","82","2.24","2.95","-0.71","3.60","3.95","18383"
"Brandon Woodruff","Brewers","10.44","2.12","4.93","0.86","28.7 %","5.8 %","22.8 %",".238","1.13",".319","75.3 %","79","66","77","3.53","2.98","0.55","3.38","3.58","16162"
"J.B. Wendelken","Athletics","9.82","2.45","4.00","0.70","26.4 %","6.6 %","19.8 %",".204","1.05",".265","55.6 %","101","66","101","4.56","2.98","1.58","4.66","3.74","14506"
"Tony Sipp","Nationals","7.27","3.63","2.00","0.00","18.2 %","9.1 %","9.1 %",".246","1.38",".309","64.0 %","93","67","124","4.15","2.98","1.17","5.49","4.91","8280"
"David Price","Red Sox","10.39","2.45","4.25","0.82","28.1 %","6.6 %","21.5 %",".232","1.15",".310","72.5 %","66","66","79","3.16","3.00","0.16","3.63","3.75","3184"
"Nick Anderson","Marlins","13.85","3.29","4.21","1.17","35.8 %","8.5 %","27.3 %",".247","1.33",".372","73.3 %","107","70","72","4.46","3.01","1.46","3.16","2.90","18337"
"Ty Buttrey","Angels","10.60","2.40","4.42","0.80","28.3 %","6.4 %","21.9 %",".238","1.18",".322","85.3 %","58","66","80","2.60","3.01","-0.41","3.66","3.33","14719"
"Josh Hader","Brewers","16.43","2.54","6.46","1.76","49.4 %","7.7 %","41.8 %",".128","0.72",".175","93.5 %","53","67","54","2.35","3.02","-0.67","2.36","1.72","14212"
"Emilio Pagan","Rays","12.19","2.39","5.10","1.19","35.4 %","6.9 %","28.5 %",".172","0.88",".231","92.3 %","43","68","69","1.91","3.03","-1.12","3.19","2.74","14771"
"Reyes Moronta","Giants","12.25","4.36","2.81","0.62","31.7 %","11.3 %","20.4 %",".198","1.22",".290","81.1 %","63","73","93","2.70","3.05","-0.35","4.11","3.61","14966"
"Scott Oberg","Rockies","9.64","3.47","2.78","0.58","27.8 %","10.0 %","17.8 %",".167","0.96",".220","83.3 %","27","65","81","1.35","3.06","-1.71","3.58","3.72","13911"
"Andrew Chafin","Diamondbacks","10.69","2.94","3.64","0.80","29.2 %","8.0 %","21.2 %",".240","1.22",".329","79.4 %","72","69","75","3.21","3.07","0.14","3.32","3.40","12988"
"Jarlin Garcia","Marlins","6.99","2.54","2.75","0.32","19.6 %","7.1 %","12.5 %",".214","1.06",".263","74.3 %","69","71","103","2.86","3.07","-0.21","4.57","4.33","18282"
"Carlos Martinez","Cardinals","9.13","3.18","2.88","0.40","24.7 %","8.6 %","16.1 %",".217","1.15",".288","71.4 %","74","71","83","3.18","3.08","0.09","3.64","3.50","11682"
"Luke Jackson","Braves","12.26","3.45","3.56","0.96","32.0 %","9.0 %","23.0 %",".243","1.32",".348","80.4 %","64","71","60","2.87","3.09","-0.21","2.63","2.89","11752"
"Luke Weaver","Diamondbacks","9.82","2.02","4.86","0.87","26.8 %","5.5 %","21.3 %",".232","1.11",".301","78.6 %","68","70","87","3.03","3.10","-0.07","3.85","3.80","16918"
"Stephen Strasburg","Nationals","10.59","2.21","4.80","0.96","29.1 %","6.1 %","23.0 %",".216","1.05",".285","73.6 %","77","71","72","3.46","3.12","0.33","3.16","3.44","10131"
"Jacob deGrom","Mets","11.27","2.19","5.14","1.10","30.6 %","5.9 %","24.6 %",".230","1.12",".310","80.3 %","78","72","75","3.21","3.13","0.08","3.31","3.44","10954"
"Amir Garrett","Reds","13.14","4.86","2.70","0.73","35.3 %","13.1 %","22.2 %",".191","1.22",".297","93.5 %","38","69","73","1.70","3.13","-1.43","3.20","3.44","14375"
"Gerrit Cole","Astros","13.47","2.29","5.88","1.46","37.5 %","6.4 %","31.1 %",".210","1.03",".300","79.7 %","71","69","56","3.12","3.14","-0.01","2.57","2.84","13125"
"Lucas Giolito","White Sox","10.61","3.31","3.21","0.76","29.4 %","9.2 %","20.2 %",".198","1.08",".269","74.0 %","71","68","86","3.23","3.15","0.08","3.96","3.95","15474"
"Walker Buehler","Dodgers","9.82","1.39","7.06","1.15","27.3 %","3.9 %","23.5 %",".221","1.00",".275","66.7 %","82","73","78","3.44","3.18","0.26","3.44","3.56","19374"
"Zack Greinke","Diamondbacks","8.02","1.13","7.13","0.91","23.2 %","3.3 %","20.0 %",".222","0.95",".267","76.6 %","66","72","82","2.95","3.20","-0.25","3.62","3.88","1943"
"Aaron Bummer","White Sox","8.91","2.88","3.09","0.52","25.6 %","8.3 %","17.3 %",".168","0.90",".217","83.3 %","40","70","73","1.83","3.21","-1.38","3.38","3.29","16258"
"Jordan Hicks","Cardinals","9.73","3.45","2.82","0.63","28.2 %","10.0 %","18.2 %",".163","0.94",".215","71.4 %","73","74","69","3.14","3.21","-0.07","3.07","3.22","19618"
"Wander Suero","Nationals","11.16","3.12","3.57","0.89","28.9 %","8.1 %","20.8 %",".248","1.31",".340","60.7 %","124","73","88","5.58","3.21","2.36","3.88","3.51","15855"
"Trevor Gott","Giants","9.31","2.79","3.33","0.70","26.1 %","7.8 %","18.3 %",".187","0.98",".240","64.3 %","93","78","93","3.96","3.24","0.72","4.12","3.75","15046"
"Gio Gonzalez","Brewers","7.55","2.61","2.89","0.58","21.0 %","7.3 %","13.7 %",".243","1.19",".299","76.0 %","72","72","94","3.19","3.25","-0.05","4.13","4.53","7448"
"Nick Goody","Indians","13.76","4.76","2.89","1.06","37.1 %","12.9 %","24.3 %",".164","1.12",".242","80.3 %","44","71","73","2.12","3.27","-1.16","3.37","3.29","13685"
"Shane Bieber","Indians","11.38","1.82","6.25","1.29","31.6 %","5.1 %","26.5 %",".213","1.00",".280","74.9 %","73","71","66","3.49","3.28","0.21","3.05","3.20","19427"
"David Hernandez","Reds","11.54","3.69","3.13","0.92","28.6 %","9.1 %","19.4 %",".285","1.56",".394","55.0 %","154","73","94","6.92","3.29","3.63","4.13","3.74","4259"
"Mitch Keller","Pirates","11.25","4.50","2.50","0.75","24.6 %","9.8 %","14.8 %",".382","2.25",".513","43.0 %","243","75","110","10.50","3.30","7.20","4.85","4.66","17594"
"Seth Lugo","Mets","12.02","2.56","4.69","1.18","31.9 %","6.8 %","25.1 %",".223","1.14",".306","75.1 %","76","76","85","3.15","3.30","-0.15","3.76","3.07","12447"
"Patrick Corbin","Nationals","10.48","2.64","3.97","1.06","28.8 %","7.3 %","21.5 %",".222","1.12",".290","73.9 %","76","76","82","3.39","3.34","0.05","3.62","3.74","9323"
"Tyler Clippard","Indians","8.80","2.43","3.63","0.61","24.4 %","6.7 %","17.7 %",".187","0.94",".237","68.5 %","76","72","116","3.64","3.35","0.29","5.33","4.09","5640"
"Sonny Gray","Reds","10.45","3.14","3.33","0.96","28.6 %","8.6 %","20.1 %",".212","1.13",".279","75.1 %","76","74","76","3.40","3.35","0.05","3.36","3.76","12768"
"Archie Bradley","Diamondbacks","11.95","5.31","2.25","0.66","28.1 %","12.5 %","15.6 %",".275","1.72",".391","70.4 %","109","76","87","4.87","3.36","1.51","3.86","4.07","12918"
"John Brebbia","Cardinals","11.30","3.26","3.47","0.96","30.4 %","8.8 %","21.7 %",".201","1.11",".273","75.0 %","76","77","97","3.26","3.36","-0.11","4.29","3.54","12777"
"Kenley Jansen","Dodgers","11.87","1.86","6.38","1.40","32.1 %","5.0 %","27.0 %",".208","1.01",".272","70.6 %","88","78","79","3.72","3.37","0.35","3.50","2.92","3096"
"Chris Sale","Red Sox","12.90","2.18","5.93","1.37","34.3 %","5.8 %","28.5 %",".225","1.10",".316","68.4 %","89","74","68","4.27","3.38","0.90","3.11","3.06","10603"
"Hunter Wood","Rays","7.56","2.16","3.50","0.72","20.2 %","5.8 %","14.4 %",".237","1.16",".284","77.2 %","48","77","108","2.16","3.41","-1.25","4.98","4.45","15091"
"Trevor Hildenberger","Twins","9.00","2.57","3.50","0.64","19.7 %","5.6 %","14.1 %",".369","2.00",".460","59.4 %","178","73","100","8.36","3.43","4.93","4.62","4.26","17002"
"Yency Almonte","Rockies","5.93","4.61","1.29","0.00","15.5 %","12.1 %","3.5 %",".176","1.17",".214","68.8 %","52","73","140","2.63","3.43","-0.80","6.18","5.73","15068"
"Andrew Kittredge","Rays","10.54","1.98","5.33","1.32","28.6 %","5.4 %","23.2 %",".245","1.17",".314","98.5 %","44","77","77","1.98","3.43","-1.46","3.55","3.27","12828"
"Jose Leclerc","Rangers","13.60","4.53","3.00","1.03","35.1 %","11.7 %","23.4 %",".204","1.26",".308","71.2 %","87","73","81","4.33","3.47","0.86","3.74","3.36","14524"
"Marcus Walden","Red Sox","9.89","2.85","3.47","0.95","26.1 %","7.5 %","18.6 %",".225","1.18",".288","66.7 %","79","76","76","3.80","3.47","0.33","3.51","3.51","8004"
"Matthew Boyd","Tigers","12.00","1.89","6.33","1.50","32.1 %","5.1 %","27.1 %",".239","1.14",".319","76.6 %","86","75","73","3.95","3.48","0.47","3.35","3.24","15440"
"Justin Anderson","Angels","12.71","5.56","2.29","0.79","31.4 %","13.7 %","17.7 %",".198","1.38",".288","70.8 %","89","77","92","3.97","3.48","0.49","4.25","3.99","16201"
"Kyle Ryan","Cubs","8.82","2.94","3.00","0.80","22.9 %","7.6 %","15.3 %",".250","1.31",".313","78.4 %","73","79","82","3.21","3.48","-0.27","3.61","3.62","11753"
"Yoshihisa Hirano","Diamondbacks","9.89","4.54","2.18","0.53","24.8 %","11.4 %","13.4 %",".246","1.46",".330","66.4 %","96","79","105","4.28","3.48","0.80","4.64","4.34","19756"
"Julio Urias","Dodgers","9.32","2.89","3.22","0.80","25.8 %","8.0 %","17.8 %",".167","0.93",".207","77.6 %","53","80","96","2.25","3.48","-1.23","4.23","3.97","14765"
"Tommy Kahnle","Yankees","12.88","2.97","4.33","1.49","35.1 %","8.1 %","27.0 %",".191","1.05",".256","81.1 %","64","73","60","2.97","3.49","-0.52","2.76","2.81","11384"
"Ryan Yarbrough","Rays","6.85","1.42","4.82","0.78","19.3 %","4.0 %","15.3 %",".221","0.98",".256","60.4 %","95","79","92","4.26","3.50","0.76","4.22","4.17","16502"
"Aaron Wilkerson","Brewers","7.84","6.10","1.29","0.00","17.3 %","13.5 %","3.9 %",".356","2.23",".444","65.2 %","156","78","123","6.97","3.50","3.46","5.42","5.42","16904"
"Sean Newcomb","Braves","7.84","3.05","2.57","0.65","20.1 %","7.8 %","12.3 %",".256","1.35",".312","81.4 %","54","80","108","2.40","3.50","-1.11","4.76","4.53","16943"
"Will Harris","Astros","7.41","2.38","3.11","0.79","20.6 %","6.6 %","14.0 %",".228","1.12",".271","82.8 %","42","77","78","1.85","3.51","-1.66","3.58","3.74","3192"
"Nick Wittgren","Indians","9.57","1.96","4.88","1.23","27.3 %","5.6 %","21.7 %",".215","1.01",".264","80.0 %","67","76","78","3.19","3.51","-0.32","3.57","3.40","15594"
"Stefan Crichton","Diamondbacks","9.90","2.70","3.67","0.90","27.5 %","7.5 %","20.0 %",".194","1.00",".250","62.5 %","101","79","99","4.50","3.51","0.99","4.39","3.59","16058"
"Zack Littell","Twins","7.16","3.31","2.17","0.55","19.1 %","8.8 %","10.3 %",".274","1.41",".333","69.4 %","94","75","93","4.41","3.52","0.89","4.30","4.65","15823"
"David Hale","Yankees","5.83","1.84","3.17","0.61","16.1 %","5.1 %","11.0 %",".243","1.13",".278","83.3 %","53","73","97","2.45","3.52","-1.07","4.45","4.34","9756"
"Ryne Harper","Twins","9.31","1.86","5.00","1.16","25.8 %","5.2 %","20.7 %",".212","1.01",".257","84.9 %","59","75","83","2.79","3.52","-0.73","3.84","3.51","12680"
"Javy Guerra","- - -","7.23","2.41","3.00","0.72","19.1 %","6.4 %","12.7 %",".233","1.18",".274","66.2 %","85","79","112","3.86","3.54","0.32","5.03","4.51","7407"
"Jeremy Jeffress","Brewers","8.84","3.19","2.77","0.74","23.4 %","8.4 %","14.9 %",".237","1.25",".300","68.5 %","88","79","98","3.93","3.54","0.39","4.31","4.09","9490"
"Blake Snell","Rays","11.94","3.13","3.82","1.33","32.2 %","8.4 %","23.8 %",".246","1.27",".341","70.3 %","102","80","72","4.55","3.55","1.00","3.32","3.56","13543"
"Joakim Soria","Athletics","9.95","2.84","3.50","1.02","27.1 %","7.7 %","19.3 %",".212","1.11",".270","63.6 %","104","79","87","4.67","3.55","1.12","4.00","3.66","6941"
"Buck Farmer","Tigers","10.04","3.11","3.23","0.96","25.6 %","7.9 %","17.7 %",".268","1.41",".350","72.9 %","88","77","80","4.06","3.56","0.50","3.70","3.63","14814"
"Pablo Lopez","Marlins","8.57","2.11","4.06","0.94","23.3 %","5.7 %","17.5 %",".234","1.12",".286","67.7 %","101","83","90","4.23","3.57","0.66","3.96","4.06","17085"
"Jalen Beeks","Rays","7.79","3.20","2.43","0.56","20.4 %","8.4 %","12.0 %",".240","1.27",".296","81.1 %","62","81","101","2.78","3.59","-0.80","4.64","4.42","17192"
"Cole Hamels","Cubs","8.76","3.16","2.77","0.81","23.5 %","8.5 %","15.1 %",".227","1.20",".284","78.8 %","68","81","92","2.98","3.59","-0.61","4.08","4.34","4972"
"Ryne Stanek","Rays","9.89","3.35","2.95","1.01","27.1 %","9.2 %","17.9 %",".202","1.12",".256","73.6 %","71","81","96","3.19","3.59","-0.40","4.41","4.19","15947"
"Steve Cishek","Cubs","8.93","2.76","3.23","0.85","25.3 %","7.8 %","17.5 %",".200","1.02",".250","79.2 %","63","81","88","2.76","3.59","-0.83","3.90","3.67","6483"
"Edwin Diaz","Mets","14.37","2.97","4.83","1.73","36.0 %","7.5 %","28.6 %",".284","1.49",".422","75.2 %","126","83","67","5.20","3.60","1.60","2.94","2.73","14710"
"JT Chargois","Dodgers","14.81","3.48","4.25","1.74","41.5 %","9.8 %","31.7 %",".162","0.97",".222","69.4 %","103","83","51","4.35","3.60","0.75","2.23","2.52","13767"
"Jake Diekman","Royals","13.27","5.35","2.48","0.70","32.6 %","13.1 %","19.4 %",".207","1.37",".318","68.1 %","105","80","84","4.89","3.60","1.29","3.87","3.73","5003"
"Carlos Rodon","White Sox","11.94","4.41","2.71","1.04","29.1 %","10.8 %","18.4 %",".236","1.44",".322","63.9 %","115","79","89","5.19","3.62","1.57","4.11","4.16","16137"
"Evan Phillips","Orioles","12.98","7.79","1.67","0.00","27.2 %","16.3 %","10.9 %",".301","2.13",".458","63.4 %","168","76","103","7.79","3.62","4.17","4.76","4.72","17734"
"Clayton Kershaw","Dodgers","8.40","1.54","5.44","1.20","23.5 %","4.3 %","19.2 %",".231","1.05",".273","79.9 %","71","84","79","3.00","3.62","-0.62","3.47","3.79","2036"
"Lou Trivino","Athletics","9.00","4.29","2.10","0.64","22.6 %","10.8 %","11.8 %",".261","1.50",".333","65.2 %","95","81","112","4.29","3.64","0.64","5.16","4.57","15043"
"Shane Greene","Tigers","9.26","2.65","3.50","1.06","26.1 %","7.5 %","18.7 %",".154","0.85",".179","86.1 %","23","79","88","1.06","3.66","-2.60","4.04","3.62","10756"
"Zack Wheeler","Mets","9.83","2.57","3.82","1.21","25.6 %","6.7 %","18.9 %",".250","1.28",".313","65.9 %","113","84","87","4.69","3.66","1.03","3.85","4.01","10310"
"Luis Perdomo","Padres","6.87","2.37","2.90","0.71","18.5 %","6.4 %","12.1 %",".241","1.18",".283","65.4 %","100","84","100","4.26","3.66","0.60","4.40","4.33","14682"
"Luis Castillo","Reds","10.77","4.50","2.39","0.80","29.3 %","12.3 %","17.1 %",".175","1.12",".236","83.1 %","54","81","84","2.41","3.67","-1.26","3.73","4.19","15689"
"Mark Melancon","Giants","8.26","3.57","2.31","0.67","21.0 %","9.1 %","11.9 %",".297","1.56",".373","75.7 %","94","88","85","4.02","3.69","0.33","3.75","3.85","4264"
"Richard Lovelady","Royals","7.82","2.84","2.75","0.71","20.4 %","7.4 %","13.0 %",".286","1.42",".351","73.9 %","91","82","82","4.26","3.69","0.58","3.75","3.69","19337"
"Trey Wingenter","Padres","12.36","4.54","2.72","1.01","32.9 %","12.1 %","20.8 %",".180","1.15",".253","70.3 %","100","85","90","4.29","3.69","0.60","3.95","3.60","17793"
"John Gant","Cardinals","7.63","3.13","2.44","0.78","22.5 %","9.3 %","13.3 %",".178","0.96",".211","80.7 %","59","85","92","2.54","3.69","-1.15","4.06","4.20","13684"
"Brandon Kintzler","Cubs","7.49","2.04","3.67","0.91","22.2 %","6.0 %","16.1 %",".203","0.93",".238","86.8 %","52","84","84","2.27","3.69","-1.42","3.73","3.67","9939"
"Adam Morgan","Phillies","8.03","2.55","3.14","0.73","22.2 %","7.1 %","15.2 %",".180","0.93",".215","64.7 %","83","82","107","3.65","3.70","-0.05","4.73","4.11","12580"
"Dylan Floro","Dodgers","7.53","2.60","2.90","0.78","19.3 %","6.7 %","12.7 %",".246","1.27",".292","67.0 %","93","85","95","3.89","3.70","0.19","4.17","4.13","13394"
"Pedro Baez","Dodgers","7.92","2.64","3.00","0.81","22.3 %","7.4 %","14.9 %",".170","0.90",".198","53.5 %","82","86","113","3.45","3.71","-0.26","4.99","4.24","5420"
"Marcus Stroman","Blue Jays","7.16","2.77","2.59","0.81","19.1 %","7.4 %","11.7 %",".251","1.27",".296","72.4 %","71","81","89","3.25","3.72","-0.47","4.10","4.44","13431"
"Austin Brice","Marlins","8.92","3.29","2.71","0.70","23.3 %","8.6 %","14.7 %",".188","1.07",".233","86.1 %","45","87","100","1.88","3.74","-1.86","4.42","4.07","17237"
"Kyle Hendricks","Cubs","7.99","1.87","4.29","1.07","21.4 %","5.0 %","16.4 %",".246","1.16",".290","72.5 %","79","85","97","3.46","3.75","-0.28","4.29","4.34","12049"
"Chris Paddack","Padres","9.50","1.90","5.00","1.30","27.1 %","5.4 %","21.7 %",".180","0.87",".209","78.4 %","63","86","88","2.70","3.75","-1.05","3.89","3.77","20099"
"Jaime Barria","Angels","9.20","2.15","4.29","1.23","23.6 %","5.5 %","18.1 %",".286","1.40",".353","68.7 %","117","83","97","5.22","3.76","1.46","4.48","4.05","18356"
"Robbie Erlin","Padres","9.57","2.45","3.90","1.23","23.8 %","6.1 %","17.7 %",".294","1.50",".367","69.4 %","115","86","90","4.91","3.76","1.15","3.98","3.80","10354"
"Chris Martin","Rangers","9.91","0.74","13.33","1.73","29.0 %","2.2 %","26.8 %",".237","0.96",".284","91.3 %","60","79","62","2.97","3.76","-0.79","2.84","2.73","11847"
"Jake Odorizzi","Twins","9.38","3.06","3.06","1.05","25.9 %","8.5 %","17.5 %",".210","1.11",".261","79.7 %","65","81","102","3.06","3.77","-0.70","4.70","4.36","6397"
"Brad Brach","Cubs","10.50","6.25","1.68","0.50","25.3 %","15.1 %","10.2 %",".286","1.81",".396","64.9 %","142","85","106","6.25","3.77","2.48","4.69","4.80","6627"
"Jose Alvarado","Rays","11.48","6.41","1.79","0.68","27.4 %","15.3 %","12.1 %",".248","1.69",".348","68.7 %","113","85","95","5.06","3.78","1.29","4.36","4.59","17780"
"Joe Musgrove","Pirates","7.76","2.24","3.46","0.95","20.5 %","5.9 %","14.6 %",".250","1.23",".296","64.1 %","100","86","104","4.31","3.78","0.53","4.57","4.51","12970"
"Martin Perez","Twins","7.93","3.65","2.17","0.71","20.5 %","9.4 %","11.0 %",".243","1.35",".296","66.5 %","87","81","94","4.10","3.79","0.31","4.34","4.73","6902"
"Jose Berrios","Twins","8.11","1.92","4.23","1.11","21.8 %","5.2 %","16.6 %",".239","1.14",".282","77.4 %","66","81","96","3.10","3.80","-0.70","4.42","4.33","14168"
"Adam Ottavino","Yankees","12.29","5.93","2.07","0.88","31.8 %","15.3 %","16.5 %",".189","1.34",".273","93.3 %","38","79","96","1.76","3.80","-2.04","4.41","4.17","1247"
"Jameson Taillon","Pirates","7.23","1.93","3.75","0.96","19.0 %","5.1 %","13.9 %",".230","1.13",".263","52.1 %","95","87","92","4.10","3.80","0.29","4.05","4.36","11674"
"Madison Bumgarner","Giants","9.33","1.93","4.84","1.31","24.9 %","5.1 %","19.8 %",".257","1.22",".314","71.4 %","90","91","90","3.86","3.81","0.05","3.98","3.99","5524"
"Noah Syndergaard","Mets","8.79","2.40","3.67","1.12","23.4 %","6.4 %","17.0 %",".253","1.24",".309","67.0 %","110","88","92","4.55","3.81","0.74","4.05","4.15","11762"
"Domingo German","Yankees","9.88","2.09","4.74","1.43","26.9 %","5.7 %","21.2 %",".213","1.05",".255","77.0 %","73","80","82","3.40","3.81","-0.41","3.75","3.80","17149"
"Mike Minor","Rangers","8.93","3.25","2.75","0.96","24.5 %","8.9 %","15.6 %",".220","1.16",".273","85.4 %","55","80","96","2.73","3.82","-1.09","4.43","4.43","10021"
"Cam Bedrosian","Angels","9.93","3.77","2.63","0.99","25.9 %","9.8 %","16.1 %",".198","1.17",".248","66.7 %","76","84","92","3.38","3.83","-0.46","4.23","4.00","13360"
"James Paxton","Yankees","11.15","3.50","3.19","1.31","28.8 %","9.0 %","19.8 %",".268","1.43",".357","78.3 %","84","80","85","3.94","3.83","0.10","3.93","3.99","11828"
"Eric Lauer","Padres","7.09","2.46","2.88","0.89","18.5 %","6.4 %","12.1 %",".260","1.30",".304","69.5 %","95","88","106","4.04","3.84","0.20","4.68","4.78","19316"
"Ross Stripling","Dodgers","9.32","2.57","3.63","1.22","24.8 %","6.8 %","18.0 %",".245","1.23",".302","74.2 %","87","89","86","3.65","3.84","-0.20","3.81","3.93","13273"
"Joe Kelly","Dodgers","11.07","4.05","2.73","1.08","26.8 %","9.8 %","17.0 %",".265","1.53",".352","61.2 %","122","89","77","5.13","3.84","1.29","3.41","3.50","9761"
"David Phelps","Blue Jays","9.24","4.26","2.17","0.71","24.1 %","11.1 %","13.0 %",".213","1.26",".273","83.3 %","62","83","116","2.84","3.85","-1.00","5.31","4.57","6316"
"Joey Lucchesi","Padres","8.55","2.50","3.43","1.16","23.2 %","6.8 %","16.4 %",".218","1.11",".257","70.7 %","92","88","94","3.92","3.85","0.07","4.17","4.26","19320"
"Jose Cisnero","Tigers","7.36","3.27","2.25","0.82","18.8 %","8.3 %","10.4 %",".250","1.36",".294","66.2 %","71","83","113","3.27","3.85","-0.58","5.18","4.75","6399"
"Gerardo Reyes","Padres","13.21","5.17","2.56","1.15","31.1 %","12.2 %","18.9 %",".266","1.66",".385","33.1 %","256","88","101","10.91","3.85","7.06","4.46","3.80","16306"
"Tyler Skaggs","Angels","8.81","3.16","2.79","1.02","23.3 %","8.4 %","14.9 %",".239","1.27",".294","68.6 %","96","85","95","4.29","3.85","0.44","4.34","4.52","10190"
"Alex Young","Diamondbacks","6.27","1.45","4.33","0.96","20.0 %","4.6 %","15.4 %",".098","0.48",".087","100.0 %","22","87","101","0.96","3.86","-2.89","4.47","4.42","18333"
"Max Fried","Braves","8.86","2.69","3.29","1.13","22.9 %","7.0 %","16.0 %",".275","1.39",".338","76.9 %","91","89","78","4.08","3.86","0.22","3.45","3.98","13743"
"Cory Gearrin","Mariners","8.55","4.54","1.88","0.53","21.3 %","11.3 %","10.0 %",".262","1.51",".333","74.2 %","98","86","101","4.28","3.87","0.41","4.62","4.59","7947"
"Jon Duplantier","Diamondbacks","8.64","3.24","2.67","0.72","22.4 %","8.4 %","14.0 %",".255","1.32",".324","73.1 %","96","88","109","4.32","3.89","0.43","4.83","4.43","19546"
"Yusmeiro Petit","Athletics","7.35","1.03","7.17","1.37","21.8 %","3.1 %","18.8 %",".199","0.84",".214","91.5 %","53","87","104","2.39","3.90","-1.51","4.77","4.13","4020"
"German Marquez","Rockies","8.86","1.94","4.57","1.32","23.2 %","5.1 %","18.1 %",".268","1.28",".323","64.7 %","101","83","82","5.12","3.91","1.22","3.62","3.92","15038"
"Oliver Drake","Rays","11.39","3.80","3.00","1.27","30.3 %","10.1 %","20.2 %",".203","1.17",".265","78.0 %","85","88","78","3.80","3.92","-0.12","3.57","3.49","8823"
"Daniel Ponce de Leon","Cardinals","10.44","3.31","3.15","1.27","29.9 %","9.5 %","20.4 %",".187","1.02",".234","86.7 %","65","90","90","2.80","3.92","-1.12","3.98","3.82","16110"
"Jose Quintana","Cubs","7.40","2.69","2.75","1.01","19.3 %","7.0 %","12.3 %",".264","1.35",".308","70.0 %","96","89","99","4.21","3.92","0.28","4.39","4.71","11423"
"Alex Colome","White Sox","6.93","2.63","2.64","0.96","20.7 %","7.9 %","12.9 %",".147","0.80",".156","82.0 %","53","85","101","2.39","3.93","-1.54","4.65","4.39","6661"
"Michael Lorenzen","Reds","9.06","2.40","3.77","1.29","23.6 %","6.3 %","17.3 %",".253","1.27",".304","79.0 %","78","87","82","3.51","3.93","-0.42","3.61","3.67","14843"
"Joshua James","Astros","13.95","5.44","2.57","1.27","36.3 %","14.2 %","22.2 %",".190","1.29",".284","68.2 %","107","87","86","4.71","3.94","0.77","3.98","3.56","16794"
"Matt Shoemaker","Blue Jays","7.53","2.83","2.67","0.94","22.2 %","8.3 %","13.9 %",".163","0.87",".183","87.2 %","34","86","97","1.57","3.95","-2.38","4.45","4.51","4776"
"Zack Britton","Yankees","6.92","4.62","1.50","0.46","18.9 %","12.6 %","6.3 %",".210","1.26",".255","84.8 %","50","83","83","2.31","3.96","-1.65","3.80","3.83","3240"
"Michael Feliz","Pirates","10.73","4.88","2.20","0.98","27.7 %","12.6 %","15.1 %",".214","1.34",".284","65.1 %","113","91","105","4.88","3.97","0.91","4.63","4.27","11903"
"Scott Barlow","Royals","13.26","4.26","3.11","1.42","32.2 %","10.3 %","21.8 %",".268","1.55",".385","67.2 %","132","88","83","6.16","3.98","2.18","3.80","3.45","14993"
"Aaron Nola","Phillies","10.26","3.70","2.77","1.16","26.7 %","9.6 %","17.0 %",".236","1.31",".303","79.0 %","83","89","88","3.63","3.99","-0.37","3.86","4.17","16149"
"Tim Mayza","Blue Jays","10.75","4.72","2.28","1.05","27.2 %","11.9 %","15.2 %",".212","1.34",".276","70.1 %","97","87","84","4.46","4.00","0.46","3.87","4.03","15042"
"Adam Kolarek","Rays","7.75","2.75","2.82","1.00","20.1 %","7.1 %","13.0 %",".248","1.28",".292","75.5 %","89","90","79","4.00","4.02","-0.02","3.62","3.49","10843"
"Seranthony Dominguez","Phillies","10.58","4.38","2.42","1.09","26.4 %","10.9 %","15.5 %",".247","1.46",".323","73.2 %","92","90","90","4.01","4.03","-0.01","3.97","3.95","19249"
"Chad Green","Yankees","11.61","1.77","6.57","1.77","28.9 %","4.4 %","24.5 %",".302","1.46",".396","75.2 %","108","84","78","5.05","4.03","1.02","3.58","3.20","15552"
"Zac Gallen","Marlins","11.12","5.29","2.10","1.06","27.6 %","13.2 %","14.5 %",".242","1.53",".326","77.6 %","101","94","102","4.24","4.04","0.20","4.48","4.72","19291"
"Spencer Turnbull","Tigers","8.03","3.47","2.32","0.82","20.5 %","8.9 %","11.7 %",".251","1.36",".305","72.1 %","79","87","103","3.65","4.05","-0.40","4.72","4.76","16207"
"Corey Kluber","Indians","9.59","3.79","2.53","1.01","22.6 %","8.9 %","13.7 %",".293","1.65",".370","63.8 %","121","88","106","5.80","4.06","1.75","4.87","4.66","2429"
"Trevor May","Twins","10.35","4.29","2.41","1.01","26.1 %","10.8 %","15.3 %",".212","1.29",".272","76.0 %","81","87","99","3.79","4.06","-0.27","4.54","4.14","6398"
"Tyler Olson","Indians","8.67","4.00","2.17","1.00","21.9 %","10.1 %","11.8 %",".280","1.56",".346","82.0 %","77","88","100","3.67","4.07","-0.40","4.60","4.46","14741"
"Justin Verlander","Astros","10.85","1.90","5.71","1.76","31.5 %","5.5 %","26.0 %",".168","0.81",".186","88.6 %","68","90","81","2.98","4.07","-1.09","3.71","3.39","8700"
"Brian Flynn","Royals","7.40","4.81","1.54","0.37","17.5 %","11.4 %","6.1 %",".316","1.81",".390","70.2 %","111","90","114","5.18","4.08","1.10","5.25","5.13","12027"
"Shawn Kelley","Rangers","8.73","1.36","6.40","1.64","24.2 %","3.8 %","20.5 %",".260","1.15",".303","91.2 %","61","86","88","3.00","4.09","-1.09","4.06","3.67","7773"
"Noe Ramirez","Angels","10.95","2.83","3.87","1.51","29.6 %","7.7 %","21.9 %",".213","1.11",".268","87.1 %","72","90","89","3.21","4.10","-0.89","4.11","3.47","12800"
"Paul Fry","Orioles","7.58","4.50","1.68","0.47","20.0 %","11.9 %","8.1 %",".199","1.21",".245","64.3 %","87","87","95","4.03","4.11","-0.08","4.36","4.32","15832"
"Matt Albers","Brewers","9.00","3.23","2.79","1.15","23.8 %","8.5 %","15.2 %",".230","1.23",".279","67.4 %","109","92","94","4.85","4.11","0.73","4.17","3.98","4300"
"Kyle Gibson","Twins","9.06","2.65","3.41","1.28","23.7 %","7.0 %","16.8 %",".249","1.26",".301","70.7 %","86","88","82","4.03","4.12","-0.09","3.75","4.09","10123"
"Cy Sneed","Astros","9.00","1.64","5.50","1.64","23.9 %","4.4 %","19.6 %",".295","1.36",".355","82.0 %","93","91","73","4.09","4.12","-0.03","3.38","3.41","16106"
"Carlos Carrasco","Indians","10.94","1.52","7.18","1.94","28.7 %","4.0 %","24.7 %",".281","1.31",".353","73.8 %","104","89","75","4.98","4.14","0.85","3.46","3.46","6632"
"Matt Andriese","Diamondbacks","10.13","3.97","2.55","1.19","25.4 %","10.0 %","15.4 %",".257","1.46",".328","68.8 %","120","94","88","5.36","4.14","1.22","3.90","3.92","12022"
"Hector Neris","Phillies","12.25","3.40","3.60","1.59","32.1 %","8.9 %","23.2 %",".207","1.16",".270","76.5 %","93","92","84","4.08","4.15","-0.06","3.69","3.26","11804"
"Carlos Estevez","Rockies","11.00","3.00","3.67","1.60","27.6 %","7.5 %","20.1 %",".268","1.42",".342","74.4 %","82","88","89","4.20","4.15","0.05","3.94","3.57","14542"
"A.J. Cole","Indians","10.55","2.53","4.17","1.69","25.8 %","6.2 %","19.6 %",".264","1.41",".323","69.7 %","70","90","102","3.38","4.15","-0.78","4.68","3.84","11467"
"Rich Hill","Dodgers","10.36","2.04","5.08","1.70","28.1 %","5.5 %","22.6 %",".232","1.11",".280","89.4 %","61","96","76","2.55","4.16","-1.61","3.34","3.57","4806"
"Sergio Romo","Marlins","7.53","3.38","2.23","1.04","20.1 %","9.0 %","11.1 %",".229","1.24",".265","66.8 %","93","97","121","3.89","4.17","-0.27","5.34","4.69","9817"
"Michael Pineda","Twins","7.94","1.46","5.44","1.46","21.4 %","3.9 %","17.5 %",".256","1.17",".293","70.4 %","93","89","97","4.38","4.17","0.21","4.46","4.30","5372"
"Brad Peacock","Astros","9.42","2.65","3.56","1.38","25.3 %","7.1 %","18.2 %",".227","1.15",".273","74.3 %","94","92","97","4.13","4.17","-0.04","4.46","4.16","5401"
"Josh Lucas","Orioles","9.19","4.02","2.29","1.15","23.2 %","10.1 %","13.0 %",".226","1.34",".273","49.5 %","124","88","109","5.74","4.17","1.57","5.03","4.38","11686"
"Daniel Mengden","Athletics","6.51","3.06","2.13","0.96","17.0 %","8.0 %","9.0 %",".245","1.30",".276","72.2 %","94","93","116","4.21","4.17","0.04","5.35","5.23","16980"
"Kevin Gausman","Braves","9.24","3.47","2.67","1.16","22.6 %","8.5 %","14.1 %",".275","1.51",".339","57.6 %","139","96","104","6.21","4.18","2.03","4.60","4.59","14107"
"Jon Gray","Rockies","9.27","3.37","2.76","1.27","24.2 %","8.8 %","15.4 %",".263","1.39",".325","77.3 %","81","89","87","4.11","4.19","-0.07","3.84","4.29","14916"
"Yonny Chirinos","Rays","7.49","1.85","4.05","1.35","21.5 %","5.3 %","16.2 %",".208","0.96",".229","79.0 %","70","94","88","3.11","4.20","-1.08","4.02","4.20","16401"
"A.J. Minter","Braves","11.57","6.94","1.67","0.77","26.6 %","15.9 %","10.6 %",".255","1.80",".355","64.7 %","147","96","114","6.56","4.20","2.36","5.03","4.83","18655"
"Chaz Roe","Rays","11.85","6.59","1.80","0.99","28.4 %","15.8 %","12.6 %",".262","1.76",".368","73.1 %","118","94","98","5.27","4.20","1.07","4.51","4.59","9866"
"Tanner Roark","Reds","8.81","2.88","3.06","1.21","22.6 %","7.4 %","15.2 %",".267","1.37",".325","77.4 %","89","93","103","3.99","4.20","-0.21","4.54","4.49","8753"
"Raisel Iglesias","Reds","11.32","3.70","3.06","1.52","29.6 %","9.7 %","19.9 %",".234","1.31",".303","81.9 %","87","93","92","3.92","4.21","-0.29","4.06","3.68","17130"
"Matt Wisler","- - -","10.69","2.81","3.80","1.69","26.6 %","7.0 %","19.6 %",".293","1.53",".371","71.4 %","131","96","83","5.63","4.21","1.41","3.69","3.59","12804"
"Robert Gsellman","Mets","9.06","3.44","2.63","1.09","22.3 %","8.5 %","13.8 %",".270","1.47",".333","67.5 %","123","97","102","5.07","4.22","0.85","4.52","4.18","13696"
"Eduardo Rodriguez","Red Sox","9.31","2.87","3.24","1.40","24.4 %","7.5 %","16.9 %",".253","1.30",".308","74.7 %","90","93","91","4.34","4.22","0.12","4.20","4.24","13164"
"Marco Gonzales","Mariners","6.49","2.46","2.64","1.04","16.7 %","6.3 %","10.4 %",".269","1.35",".304","63.3 %","102","94","115","4.48","4.23","0.25","5.27","5.10","15467"
"Robbie Ray","Diamondbacks","11.69","4.38","2.67","1.46","30.7 %","11.5 %","19.2 %",".217","1.30",".286","76.1 %","88","96","88","3.92","4.24","-0.32","3.87","4.11","11486"
"John Means","Orioles","7.41","2.23","3.32","1.22","20.2 %","6.1 %","14.1 %",".225","1.09",".253","79.8 %","64","89","112","2.94","4.24","-1.30","5.15","4.69","16269"
"Jon Lester","Cubs","8.82","2.05","4.30","1.51","22.8 %","5.3 %","17.5 %",".267","1.31",".315","74.0 %","85","96","94","3.74","4.24","-0.50","4.15","4.17","4930"
"Taylor Williams","Brewers","8.44","4.22","2.00","0.84","18.2 %","9.1 %","9.1 %",".388","2.25",".474","42.4 %","284","95","81","12.66","4.25","8.41","3.58","3.87","14899"
"Heath Hembree","Red Sox","11.25","3.66","3.08","1.41","29.2 %","9.5 %","19.7 %",".215","1.22",".276","80.0 %","70","94","111","3.38","4.25","-0.87","5.11","3.94","11632"
"Trevor Bauer","Indians","10.43","3.52","2.96","1.30","27.4 %","9.3 %","18.2 %",".213","1.19",".268","75.3 %","76","92","95","3.65","4.26","-0.61","4.35","4.17","12703"
"Juan Nicasio","Phillies","8.50","4.00","2.13","1.00","20.2 %","9.5 %","10.7 %",".293","1.67",".357","67.4 %","126","95","98","5.50","4.27","1.23","4.31","4.42","7731"
"Wei-Chung Wang","Athletics","5.50","2.50","2.20","1.00","16.9 %","7.7 %","9.2 %",".150","0.78",".149","98.2 %","33","95","126","1.50","4.27","-2.77","5.79","5.27","14382"
"Nestor Cortes","Yankees","9.53","2.38","4.00","1.59","25.4 %","6.3 %","19.0 %",".250","1.24",".300","75.1 %","97","89","90","4.50","4.27","0.23","4.13","3.69","17874"
"Zach Davies","Brewers","5.96","2.81","2.13","0.96","15.7 %","7.4 %","8.3 %",".264","1.33",".295","79.3 %","65","95","113","2.89","4.28","-1.38","5.00","5.27","13183"
"Homer Bailey","- - -","8.16","3.56","2.29","1.13","21.1 %","9.2 %","11.9 %",".257","1.40",".307","71.3 %","101","95","99","4.69","4.28","0.41","4.54","4.79","8362"
"Chase Anderson","Brewers","8.73","3.03","2.88","1.28","22.9 %","7.9 %","14.9 %",".228","1.22",".269","75.1 %","89","96","111","3.96","4.29","-0.33","4.89","4.53","6895"
"Jace Fry","White Sox","11.37","6.54","1.74","0.85","27.4 %","15.8 %","11.6 %",".223","1.58",".308","67.0 %","100","93","84","4.55","4.29","0.26","3.87","4.40","16159"
"Kenta Maeda","Dodgers","9.06","2.96","3.06","1.39","25.1 %","8.2 %","16.9 %",".198","1.05",".229","77.0 %","89","99","100","3.75","4.29","-0.54","4.42","4.32","18498"
"Jacob Webb","Braves","7.79","3.34","2.33","1.11","21.4 %","9.2 %","12.2 %",".203","1.11",".233","86.0 %","31","99","116","1.39","4.30","-2.91","5.13","4.53","19274"
"Evan Marshall","White Sox","6.38","2.63","2.43","1.13","17.7 %","7.3 %","10.4 %",".247","1.21",".275","76.6 %","66","93","103","3.00","4.30","-1.30","4.73","4.62","12297"
"Miles Mikolas","Cardinals","6.48","1.41","4.59","1.33","17.4 %","3.8 %","13.6 %",".272","1.23",".301","74.4 %","96","99","95","4.15","4.30","-0.15","4.17","4.39","9803"
"Casey Sadler","- - -","5.32","2.45","2.17","0.82","14.3 %","6.6 %","7.7 %",".217","1.09",".235","86.2 %","46","97","106","2.05","4.31","-2.26","4.83","4.59","11209"
"Matt Magill","Twins","11.44","4.76","2.40","1.27","27.1 %","11.3 %","15.8 %",".259","1.59",".342","62.8 %","95","92","96","4.45","4.31","0.14","4.42","4.10","3950"
"Jacob Waguespack","Blue Jays","8.56","2.63","3.25","1.32","22.0 %","6.8 %","15.3 %",".278","1.39",".333","58.1 %","129","93","90","5.93","4.31","1.61","4.14","4.03","18318"
"Ranger Suarez","Phillies","8.53","2.84","3.00","1.42","22.6 %","7.6 %","15.1 %",".265","1.34",".314","84.5 %","81","96","87","3.55","4.32","-0.77","3.83","4.02","17277"
"Adrian Houser","Brewers","9.25","3.70","2.50","1.29","24.2 %","9.7 %","14.5 %",".274","1.46",".341","77.2 %","95","96","86","4.25","4.32","-0.07","3.79","4.09","12718"
"Masahiro Tanaka","Yankees","7.70","2.03","3.80","1.46","20.8 %","5.5 %","15.4 %",".240","1.15",".269","75.4 %","82","91","92","3.81","4.34","-0.53","4.21","4.34","15764"
"Caleb Smith","Marlins","10.85","3.00","3.62","1.73","30.5 %","8.4 %","22.1 %",".196","1.04",".233","83.6 %","83","101","92","3.46","4.34","-0.88","4.04","3.85","14875"
"Adam Wainwright","Cardinals","8.46","3.52","2.41","1.14","22.2 %","9.2 %","13.0 %",".249","1.33",".300","77.3 %","93","100","97","3.99","4.34","-0.35","4.26","4.55","2233"
"Freddy Peralta","Brewers","11.03","3.11","3.55","1.70","27.2 %","7.7 %","19.5 %",".270","1.46",".341","69.1 %","114","97","97","5.09","4.35","0.74","4.28","3.91","18679"
"Jose Alvarez","Phillies","7.54","2.92","2.58","1.22","19.9 %","7.7 %","12.2 %",".252","1.30",".290","78.6 %","78","97","96","3.41","4.35","-0.94","4.25","4.22","5358"
"Tony Watson","Giants","6.75","1.16","5.80","1.40","18.1 %","3.1 %","15.0 %",".257","1.14",".282","88.1 %","71","104","100","3.03","4.35","-1.33","4.43","4.05","3132"
"Richard Bleier","Orioles","3.58","0.98","3.67","0.98","8.8 %","2.4 %","6.4 %",".308","1.45",".321","52.9 %","148","92","100","6.83","4.37","2.46","4.60","4.39","7803"
"Shaun Anderson","Giants","5.71","3.06","1.86","0.97","14.4 %","7.8 %","6.7 %",".286","1.50",".318","67.7 %","114","105","107","4.87","4.37","0.50","4.71","5.30","19453"
"Adam Cimber","Indians","6.37","2.80","2.27","1.02","17.2 %","7.6 %","9.7 %",".205","1.08",".223","81.4 %","59","95","94","2.80","4.37","-1.57","4.30","4.19","15288"
"Ryan Burr","White Sox","9.15","3.66","2.50","1.37","23.3 %","9.3 %","14.0 %",".218","1.27",".255","57.7 %","101","95","96","4.58","4.38","0.19","4.41","4.23","17536"
"Diego Castillo","Rays","10.06","4.17","2.41","1.23","26.3 %","10.9 %","15.4 %",".221","1.28",".278","72.1 %","82","99","91","3.68","4.39","-0.71","4.18","3.99","17496"
"Travis Bergen","Giants","7.94","3.71","2.14","1.06","21.1 %","9.9 %","11.3 %",".222","1.24",".261","72.9 %","99","105","112","4.24","4.39","-0.16","4.95","4.59","18581"
"Clay Holmes","Pirates","9.71","4.85","2.00","0.91","23.4 %","11.7 %","11.7 %",".214","1.38",".268","66.2 %","113","100","97","4.85","4.39","0.46","4.28","4.13","13649"
"Brad Keller","Royals","6.37","4.17","1.53","0.68","16.4 %","10.7 %","5.7 %",".243","1.38",".281","72.3 %","91","98","109","4.25","4.40","-0.16","5.01","5.35","15734"
"Matt Bowman","Reds","6.98","4.19","1.67","0.93","18.1 %","10.8 %","7.2 %",".230","1.34",".263","77.6 %","83","97","109","3.72","4.40","-0.68","4.80","4.88","13528"
"Bryan Shaw","Rockies","6.97","3.04","2.29","1.07","18.1 %","7.9 %","10.2 %",".251","1.31",".287","71.0 %","88","94","107","4.47","4.41","0.06","4.70","4.50","8110"
"Merrill Kelly","Diamondbacks","7.04","2.54","2.77","1.31","18.5 %","6.7 %","11.9 %",".252","1.27",".282","75.0 %","88","100","108","3.93","4.41","-0.49","4.79","4.87","11156"
"Chris Bassitt","Athletics","8.71","3.66","2.38","1.18","22.7 %","9.5 %","13.2 %",".215","1.22",".253","75.6 %","89","98","105","3.98","4.42","-0.44","4.81","4.72","12304"
"Yoan Lopez","Diamondbacks","6.75","2.75","2.45","1.25","19.4 %","7.9 %","11.5 %",".180","0.94",".188","96.3 %","34","100","88","1.50","4.44","-2.94","3.89","4.18","17181"
"Jordan Lyles","Pirates","9.60","3.72","2.58","1.44","24.7 %","9.6 %","15.1 %",".253","1.40",".310","69.5 %","120","101","99","5.16","4.44","0.72","4.39","4.49","7593"
"Tyler Mahle","Reds","9.37","2.32","4.04","1.67","24.3 %","6.0 %","18.3 %",".264","1.31",".315","69.0 %","108","98","87","4.82","4.44","0.38","3.82","4.03","16358"
"Brandon Brennan","Mariners","9.26","5.29","1.75","1.06","23.8 %","13.6 %","10.2 %",".213","1.38",".261","60.4 %","127","98","91","5.56","4.45","1.11","4.20","4.52","13527"
"Pedro Strop","Cubs","9.64","3.09","3.13","1.54","27.5 %","8.8 %","18.7 %",".207","1.07",".245","68.6 %","105","101","83","4.63","4.46","0.17","3.67","3.53","4070"
"Jeff Samardzija","Giants","7.60","2.48","3.07","1.37","20.1 %","6.6 %","13.5 %",".232","1.18",".260","71.3 %","92","107","112","3.93","4.47","-0.54","4.93","4.74","3254"
"Austin Voth","Nationals","8.71","2.61","3.33","1.31","22.7 %","6.8 %","15.9 %",".241","1.21",".286","75.6 %","97","101","115","4.35","4.47","-0.12","5.07","4.43","15047"
"Daniel Hudson","Blue Jays","9.00","4.50","2.00","1.07","23.0 %","11.5 %","11.5 %",".214","1.31",".259","84.3 %","61","97","120","2.79","4.48","-1.69","5.51","4.64","7146"
"Colin Poche","Rays","13.26","1.42","9.33","2.37","36.4 %","3.9 %","32.5 %",".208","0.95",".256","46.2 %","148","101","82","6.63","4.48","2.15","3.76","2.74","19403"
"Trevor Williams","Pirates","7.16","1.88","3.81","1.41","18.3 %","4.8 %","13.5 %",".282","1.36",".318","69.4 %","120","102","109","5.17","4.48","0.69","4.79","4.72","16977"
"Jared Hughes","Reds","6.10","2.58","2.36","1.17","17.8 %","7.5 %","10.3 %",".194","0.97",".204","77.4 %","68","99","90","3.05","4.49","-1.44","3.98","3.99","9325"
"Mike Morin","Twins","4.37","0.79","5.50","1.19","12.0 %","2.2 %","9.8 %",".227","0.97",".230","65.7 %","68","96","106","3.18","4.49","-1.32","4.86","4.63","13442"
"Andrew Cashner","- - -","6.04","2.75","2.19","1.15","16.0 %","7.3 %","8.7 %",".240","1.23",".260","69.9 %","88","96","109","4.09","4.52","-0.43","5.01","5.11","8782"
"Collin McHugh","Astros","9.65","2.78","3.47","1.64","25.7 %","7.4 %","18.3 %",".219","1.15",".255","61.5 %","119","100","88","5.24","4.52","0.71","4.03","4.02","7531"
"Steven Brault","Pirates","7.86","4.75","1.66","0.89","19.4 %","11.7 %","7.7 %",".266","1.57",".320","77.3 %","96","104","122","4.15","4.53","-0.38","5.40","5.27","15291"
"Jefry Rodriguez","Indians","6.60","3.92","1.68","1.03","16.8 %","10.0 %","6.8 %",".263","1.47",".299","68.4 %","99","98","108","4.74","4.54","0.20","4.95","5.29","17018"
"Ariel Jurado","Rangers","6.56","2.83","2.32","1.16","16.6 %","7.2 %","9.5 %",".278","1.43",".312","66.7 %","94","95","105","4.63","4.54","0.09","4.85","4.93","17030"
"Roenis Elias","Mariners","9.21","3.43","2.69","1.50","23.8 %","8.8 %","14.9 %",".220","1.24",".254","67.1 %","93","101","97","4.07","4.55","-0.48","4.45","4.18","12673"
"Wade Davis","Rockies","9.21","5.72","1.61","0.95","22.1 %","13.7 %","8.4 %",".268","1.69",".338","64.7 %","119","97","115","6.04","4.56","1.48","5.06","4.94","7441"
"Brett Anderson","Athletics","4.53","2.80","1.62","0.91","11.9 %","7.4 %","4.6 %",".253","1.29",".269","74.9 %","84","101","108","3.79","4.56","-0.77","4.98","5.36","8223"
"Brett Martin","Rangers","7.41","2.12","3.50","1.59","19.2 %","5.5 %","13.7 %",".275","1.35",".308","71.8 %","102","96","82","5.03","4.57","0.46","3.78","3.83","17369"
"Fernando Rodney","- - -","8.71","6.10","1.43","0.87","21.3 %","14.9 %","6.4 %",".325","1.94",".414","61.8 %","165","102","104","7.40","4.57","2.83","4.74","5.04","494"
"Jack Flaherty","Cardinals","9.95","3.03","3.29","1.73","26.7 %","8.1 %","18.6 %",".228","1.20",".270","75.8 %","102","105","92","4.41","4.57","-0.16","4.06","4.12","17479"
"Blake Treinen","Athletics","8.62","5.67","1.52","0.91","21.5 %","14.1 %","7.3 %",".245","1.56",".303","73.2 %","101","102","110","4.54","4.58","-0.04","5.06","5.09","12572"
"Cal Quantrill","Padres","7.47","2.68","2.79","1.34","19.5 %","7.0 %","12.5 %",".251","1.28",".285","77.1 %","99","105","100","4.21","4.58","-0.36","4.40","4.52","19312"
"Rick Porcello","Red Sox","7.07","2.64","2.68","1.36","17.7 %","6.6 %","11.1 %",".273","1.42",".306","63.6 %","111","101","115","5.37","4.58","0.79","5.28","5.01","2717"
"Mychal Givens","Orioles","12.54","3.86","3.25","1.93","34.0 %","10.5 %","23.5 %",".213","1.21",".276","74.7 %","94","96","78","4.34","4.58","-0.24","3.59","3.28","10430"
"Chris Devenski","Astros","9.50","3.46","2.75","1.51","24.2 %","8.8 %","15.4 %",".250","1.37",".301","75.2 %","108","101","110","4.75","4.58","0.17","5.05","4.24","12763"
"T.J. McFarland","Diamondbacks","5.46","3.73","1.46","0.86","13.5 %","9.2 %","4.3 %",".307","1.66",".343","61.5 %","135","104","107","6.03","4.59","1.45","4.73","4.85","3237"
"Jose Urena","Marlins","6.15","2.77","2.22","1.21","15.8 %","7.1 %","8.7 %",".286","1.45",".318","69.8 %","113","107","105","4.70","4.59","0.11","4.65","4.95","11589"
"Wade Miley","Astros","7.56","2.82","2.68","1.41","20.5 %","7.7 %","12.8 %",".221","1.14",".244","81.4 %","75","101","95","3.32","4.60","-1.28","4.38","4.54","8779"
"Mike Fiers","Athletics","5.81","2.43","2.39","1.18","15.8 %","6.6 %","9.2 %",".223","1.11",".238","76.1 %","80","103","117","3.61","4.62","-1.01","5.38","5.26","7754"
"Anibal Sanchez","Nationals","7.73","3.51","2.20","1.30","19.6 %","8.9 %","10.7 %",".236","1.33",".267","78.8 %","83","105","115","3.71","4.62","-0.91","5.09","5.07","3284"
"Josh Tomlin","Braves","6.18","0.71","8.75","1.76","17.3 %","2.0 %","15.4 %",".242","1.02",".248","73.7 %","87","106","109","3.88","4.63","-0.74","4.79","4.36","9388"
"Francisco Liriano","Pirates","8.61","4.70","1.83","1.17","22.3 %","12.2 %","10.2 %",".215","1.33",".254","84.0 %","77","106","120","3.33","4.63","-1.30","5.29","4.77","3201"
"Joe Biagini","Blue Jays","8.64","3.24","2.67","1.51","22.4 %","8.4 %","14.0 %",".264","1.39",".310","81.3 %","85","100","87","3.89","4.63","-0.74","4.01","4.08","13194"
"Trent Thornton","Blue Jays","9.09","4.13","2.20","1.41","22.6 %","10.2 %","12.3 %",".270","1.54",".326","72.7 %","114","100","107","5.25","4.63","0.62","4.92","4.91","17948"
"Touki Toussaint","Braves","9.84","5.26","1.87","0.92","23.4 %","12.5 %","10.9 %",".260","1.60",".336","69.9 %","118","106","124","5.26","4.64","0.62","5.47","4.68","16929"
"Jacob Barnes","Brewers","10.07","5.03","2.00","1.37","23.2 %","11.6 %","11.6 %",".262","1.68",".322","55.6 %","154","104","101","6.86","4.64","2.23","4.46","4.49","12323"
"Jordan Zimmermann","Tigers","5.98","2.56","2.33","1.20","14.6 %","6.3 %","8.3 %",".311","1.59",".344","58.3 %","152","100","119","7.01","4.64","2.37","5.46","5.36","4505"
"Zach Eflin","Phillies","7.47","2.29","3.26","1.53","19.3 %","5.9 %","13.4 %",".265","1.32",".297","75.8 %","95","103","108","4.16","4.64","-0.48","4.78","4.71","13774"
"Sandy Alcantara","Marlins","6.37","4.11","1.55","0.92","16.3 %","10.5 %","5.8 %",".253","1.43",".287","72.9 %","94","108","121","3.94","4.64","-0.70","5.33","5.52","18684"
"Ryan Weber","Red Sox","6.20","1.33","4.67","1.33","15.2 %","3.3 %","12.0 %",".302","1.43",".333","71.9 %","110","102","101","5.31","4.64","0.67","4.66","4.44","10160"
"Colten Brewer","Red Sox","8.71","6.10","1.43","0.87","20.5 %","14.4 %","6.2 %",".271","1.77",".336","77.5 %","90","102","108","4.35","4.64","-0.29","4.96","5.11","12997"
"Tyler Duffey","Twins","10.80","1.80","6.00","2.10","27.1 %","4.5 %","22.6 %",".240","1.20",".280","67.4 %","77","99","81","3.60","4.65","-1.05","3.72","3.30","13758"
"Ryan Buchter","Athletics","10.73","6.29","1.71","1.11","25.7 %","15.0 %","10.6 %",".242","1.64",".317","84.2 %","74","104","112","3.33","4.65","-1.32","5.16","4.87","9456"
"Framber Valdez","Astros","8.10","4.68","1.73","1.08","19.7 %","11.4 %","8.3 %",".264","1.58",".313","63.4 %","126","103","91","5.58","4.65","0.93","4.20","4.53","17295"
"Juan Minaya","White Sox","8.78","3.90","2.25","1.30","21.4 %","9.5 %","11.9 %",".277","1.55",".333","81.2 %","86","101","123","3.90","4.66","-0.76","5.64","4.68","10341"
"Greg Holland","Diamondbacks","10.74","5.23","2.06","1.45","29.1 %","14.2 %","15.0 %",".174","1.19",".209","86.7 %","71","106","99","3.19","4.67","-1.47","4.35","4.27","7196"
"Kelvin Herrera","White Sox","8.45","3.82","2.21","1.36","19.6 %","8.9 %","10.8 %",".322","1.82",".383","61.1 %","162","101","106","7.36","4.67","2.69","4.85","4.57","6033"
"Brad Boxberger","Royals","9.11","5.74","1.59","1.01","22.1 %","13.9 %","8.2 %",".240","1.58",".297","69.6 %","116","104","118","5.40","4.68","0.72","5.44","5.04","10133"
"Tommy Milone","Mariners","8.40","2.14","3.92","1.81","23.6 %","6.0 %","17.6 %",".212","1.02",".227","76.4 %","90","104","100","3.95","4.68","-0.73","4.59","4.11","7608"
"Felix Pena","Angels","9.52","2.93","3.25","1.67","25.0 %","7.7 %","17.3 %",".224","1.19",".260","66.6 %","111","104","94","4.92","4.70","0.22","4.33","3.97","13403"
"Trevor Richards","Marlins","8.05","4.15","1.94","1.21","20.8 %","10.7 %","10.0 %",".243","1.38",".285","77.3 %","102","109","122","4.24","4.70","-0.46","5.38","5.18","19309"
"Daniel Norris","Tigers","7.38","2.34","3.16","1.59","18.9 %","6.0 %","12.9 %",".292","1.44",".329","70.8 %","111","101","99","5.14","4.71","0.43","4.57","4.64","13475"
"Austin Pruitt","Rays","6.97","3.48","2.00","1.31","18.2 %","9.1 %","9.1 %",".275","1.45",".311","65.9 %","126","106","91","5.66","4.71","0.95","4.16","4.32","15290"
"Joe Harvey","Yankees","9.90","6.30","1.57","0.90","22.9 %","14.6 %","8.3 %",".275","1.80",".357","73.9 %","97","98","117","4.50","4.71","-0.21","5.39","4.97","16459"
"Julio Teheran","Braves","8.18","4.39","1.87","1.10","21.0 %","11.2 %","9.7 %",".222","1.32",".261","77.6 %","83","108","119","3.71","4.72","-1.01","5.27","5.16","6797"
"Chad Bettis","Rockies","6.10","2.61","2.33","1.22","15.0 %","6.4 %","8.6 %",".304","1.55",".337","60.7 %","120","101","97","6.10","4.72","1.37","4.26","4.12","10587"
"Ryan Brasier","Red Sox","8.03","2.68","3.00","1.56","21.2 %","7.1 %","14.1 %",".237","1.21",".265","70.4 %","88","104","118","4.24","4.73","-0.49","5.41","4.51","5615"
"Connor Sadzeck","Mariners","10.27","5.70","1.80","1.14","25.2 %","14.0 %","11.2 %",".200","1.39",".250","81.2 %","61","105","109","2.66","4.74","-2.07","5.01","4.66","13483"
"Craig Stammen","Padres","7.11","1.28","5.57","1.82","18.6 %","3.3 %","15.2 %",".272","1.26",".294","77.6 %","90","109","91","3.83","4.75","-0.92","4.00","3.82","7274"
"Sam Gaviglio","Blue Jays","8.24","1.71","4.83","1.85","22.4 %","4.6 %","17.8 %",".242","1.12",".266","71.7 %","102","103","92","4.69","4.76","-0.07","4.24","3.76","12778"
"Jesse Chavez","Rangers","8.13","2.62","3.10","1.57","21.0 %","6.8 %","14.2 %",".259","1.31",".296","69.1 %","95","100","99","4.72","4.77","-0.05","4.54","4.34","5448"
"Andrew Heaney","Angels","10.57","3.72","2.84","1.76","27.3 %","9.6 %","17.7 %",".243","1.35",".298","73.9 %","114","105","104","5.09","4.78","0.31","4.77","4.32","15423"
"Hector Velazquez","Red Sox","8.61","4.11","2.10","1.37","22.2 %","10.6 %","11.6 %",".257","1.43",".306","61.9 %","118","105","109","5.67","4.78","0.89","5.03","4.74","19341"
"Jake McGee","Rockies","7.66","2.82","2.71","1.61","20.9 %","7.7 %","13.2 %",".250","1.25",".279","84.8 %","63","102","118","3.22","4.78","-1.56","5.19","4.54","7550"
"Anthony DeSclafani","Reds","9.16","2.63","3.48","1.85","23.9 %","6.9 %","17.0 %",".260","1.32",".302","81.1 %","96","106","102","4.29","4.80","-0.51","4.49","4.32","13050"
"Tanner Rainey","Nationals","13.08","7.17","1.82","1.27","32.3 %","17.7 %","14.6 %",".169","1.41",".233","75.5 %","94","109","95","4.22","4.81","-0.59","4.18","4.45","17610"
"Jason Vargas","Mets","7.40","3.48","2.13","1.42","19.4 %","9.1 %","10.3 %",".233","1.28",".257","73.2 %","103","111","117","4.25","4.81","-0.57","5.18","5.09","8044"
"Logan Allen","Padres","5.75","3.98","1.44","0.89","13.8 %","9.6 %","4.3 %",".325","1.77",".368","59.7 %","166","111","107","7.08","4.84","2.24","4.72","5.22","18555"
"Danny Duffy","Royals","7.42","3.33","2.23","1.40","19.4 %","8.7 %","10.7 %",".265","1.39",".301","73.7 %","97","107","113","4.52","4.84","-0.32","5.18","5.06","3542"
"Thomas Pannone","Blue Jays","9.15","4.58","2.00","1.37","22.6 %","11.3 %","11.3 %",".252","1.50",".303","64.6 %","135","105","118","6.18","4.84","1.34","5.42","4.73","17281"
"Nick Ramirez","Tigers","8.16","3.77","2.17","1.47","20.9 %","9.6 %","11.2 %",".232","1.33",".262","70.5 %","100","104","109","4.60","4.84","-0.24","5.02","4.57","12575"
"D.J. Johnson","Rockies","7.71","8.49","0.91","0.00","16.1 %","17.7 %","-1.6 %",".306","2.23",".385","57.1 %","182","103","160","9.26","4.84","4.41","7.04","6.36","12578"
"Dylan Cease","White Sox","10.64","4.09","2.60","1.64","25.5 %","9.8 %","15.7 %",".267","1.55",".333","59.2 %","126","105","97","5.73","4.85","0.88","4.46","4.44","18525"
"Ryan Helsley","Cardinals","10.45","4.35","2.40","1.74","29.3 %","12.2 %","17.1 %",".139","0.97",".136","83.3 %","81","111","101","3.48","4.86","-1.38","4.45","4.09","18138"
"Junior Guerra","Brewers","8.65","4.06","2.13","1.41","23.0 %","10.8 %","12.2 %",".203","1.20",".231","72.0 %","99","109","108","4.41","4.86","-0.45","4.76","4.48","5702"
"Jeffrey Springs","Rangers","8.65","6.23","1.39","1.04","20.3 %","14.6 %","5.7 %",".286","1.85",".351","68.5 %","126","102","133","6.23","4.87","1.36","6.10","5.54","17677"
"Hector Rondon","Astros","7.57","4.04","1.88","1.26","19.4 %","10.3 %","9.0 %",".255","1.43",".294","73.9 %","109","107","112","4.79","4.87","-0.07","5.15","4.78","2391"
"Shawn Armstrong","- - -","10.97","5.34","2.05","1.41","26.4 %","12.8 %","13.5 %",".230","1.50",".293","68.2 %","124","104","115","5.63","4.87","0.75","5.31","4.46","12857"
"Tanner Anderson","Athletics","7.25","2.82","2.57","1.61","17.1 %","6.7 %","10.5 %",".306","1.66",".342","66.9 %","135","108","96","6.04","4.87","1.17","4.40","4.65","18029"
"Daniel Stumpf","Tigers","9.12","4.74","1.92","1.46","21.6 %","11.2 %","10.3 %",".282","1.70",".338","71.4 %","95","105","109","4.38","4.88","-0.50","5.01","4.73","13780"
"Yu Darvish","Cubs","10.40","4.13","2.52","1.65","27.3 %","10.8 %","16.5 %",".210","1.24",".252","75.7 %","101","111","93","4.46","4.88","-0.43","4.09","4.31","13074"
"Griffin Canning","Angels","9.63","3.12","3.09","1.76","25.3 %","8.2 %","17.1 %",".221","1.19",".254","74.5 %","107","108","107","4.75","4.89","-0.14","4.90","4.36","19867"
"Tom Eshelman","Orioles","5.91","1.69","3.50","1.69","15.9 %","4.6 %","11.4 %",".262","1.22",".273","68.6 %","110","103","98","5.06","4.90","0.16","4.50","4.92","18361"
"Miguel Castro","Orioles","8.16","4.66","1.75","1.36","20.5 %","11.7 %","8.8 %",".254","1.51",".295","68.1 %","113","104","108","5.24","4.92","0.33","4.96","4.79","15684"
"Jonathan Loaisiga","Yankees","8.36","5.14","1.63","1.29","21.0 %","12.9 %","8.1 %",".241","1.50",".282","76.9 %","97","103","119","4.50","4.93","-0.43","5.47","5.33","19753"
"Jakob Junis","Royals","8.58","3.18","2.70","1.67","21.6 %","8.0 %","13.6 %",".267","1.42",".309","70.5 %","109","109","100","5.08","4.94","0.15","4.58","4.59","13619"
"Zac Rosscup","- - -","13.00","9.50","1.37","1.00","27.7 %","20.2 %","7.5 %",".293","2.28",".426","68.1 %","114","110","103","5.00","4.94","0.06","4.70","5.29","9419"
"Dominic Leone","Cardinals","10.86","4.34","2.50","1.86","27.6 %","11.0 %","16.5 %",".248","1.45",".306","62.5 %","151","113","100","6.52","4.94","1.58","4.43","4.03","13763"
"Adrian Sampson","Rangers","7.42","2.04","3.64","1.76","18.8 %","5.2 %","13.7 %",".299","1.45",".334","74.5 %","99","104","109","4.92","4.95","-0.03","5.01","4.59","13339"
"Jeff Brigham","Marlins","13.50","4.97","2.71","2.13","33.9 %","12.5 %","21.4 %",".245","1.50",".333","67.6 %","136","115","110","5.68","4.95","0.73","4.83","3.95","16631"
"Tyler Kinley","Marlins","10.22","6.93","1.47","1.09","23.7 %","16.1 %","7.6 %",".296","1.95",".388","78.1 %","122","115","122","5.11","4.96","0.15","5.38","5.18","18297"
"Anthony Swarzak","- - -","10.64","4.09","2.60","1.91","29.1 %","11.2 %","17.9 %",".185","1.12",".205","91.9 %","56","111","85","2.45","4.97","-2.52","3.83","3.83","7466"
"Jeanmar Gomez","Rangers","5.87","3.52","1.67","1.17","13.7 %","8.2 %","5.5 %",".348","1.89",".389","55.2 %","166","104","102","8.22","4.98","3.24","4.70","4.69","9033"
"Jonathan Holder","Yankees","10.09","2.78","3.64","2.02","24.8 %","6.8 %","18.0 %",".270","1.43",".320","55.0 %","146","104","103","6.81","4.98","1.83","4.72","3.88","16588"
"Joe Jimenez","Tigers","13.11","4.11","3.19","2.06","32.5 %","10.2 %","22.3 %",".255","1.46",".346","68.5 %","123","107","89","5.66","4.99","0.67","4.10","3.44","15761"
"Mike Leake","Mariners","6.63","1.40","4.72","1.87","17.3 %","3.7 %","13.6 %",".282","1.31",".301","69.8 %","105","110","100","4.60","4.99","-0.39","4.58","4.60","10130"
"Tyler Webb","Cardinals","7.71","4.75","1.63","1.19","20.0 %","12.3 %","7.7 %",".205","1.29",".232","73.5 %","103","115","122","4.45","4.99","-0.54","5.36","5.05","14974"
"Asher Wojciechowski","Orioles","12.06","2.87","4.20","2.30","30.4 %","7.3 %","23.2 %",".254","1.34",".316","73.2 %","124","105","102","5.74","5.00","0.74","4.71","3.85","10836"
"Jerry Blevins","Braves","11.42","5.71","2.00","1.56","27.2 %","13.6 %","13.6 %",".232","1.56",".295","79.8 %","93","115","117","4.15","5.00","-0.85","5.15","4.50","7841"
"Luis Cessa","Yankees","9.29","3.67","2.53","1.73","23.5 %","9.3 %","14.2 %",".256","1.42",".301","74.3 %","97","105","95","4.54","5.01","-0.48","4.37","4.15","13345"
"Tayron Guerrero","Marlins","9.56","7.03","1.36","0.84","23.8 %","17.5 %","6.3 %",".211","1.53",".273","75.8 %","101","117","135","4.22","5.03","-0.81","5.97","5.42","11691"
"Sean Reid-Foley","Blue Jays","8.53","4.26","2.00","1.42","21.4 %","10.7 %","10.7 %",".224","1.34",".257","72.4 %","77","109","116","3.55","5.03","-1.48","5.32","4.87","17034"
"Jeff Hoffman","Rockies","9.72","3.51","2.77","1.89","23.8 %","8.6 %","15.2 %",".285","1.56",".340","64.8 %","133","107","106","6.75","5.04","1.71","4.68","4.53","17432"
"Jake Arrieta","Phillies","6.93","3.35","2.07","1.43","17.7 %","8.5 %","9.2 %",".275","1.45",".308","75.5 %","104","112","103","4.54","5.05","-0.51","4.55","4.86","4153"
"Kevin McCarthy","Royals","3.71","4.39","0.85","0.68","8.7 %","10.3 %","-1.6 %",".306","1.76",".327","69.3 %","116","112","127","5.40","5.05","0.35","5.85","5.78","15240"
"Scott Alexander","Dodgers","4.67","3.63","1.29","1.04","11.8 %","9.2 %","2.6 %",".250","1.38",".263","81.1 %","86","117","107","3.63","5.06","-1.43","4.70","4.71","10591"
"Dakota Hudson","Cardinals","6.68","4.12","1.62","1.28","16.7 %","10.3 %","6.4 %",".265","1.51",".296","75.5 %","81","116","99","3.48","5.08","-1.60","4.37","4.84","19206"
"Alex Claudio","Brewers","6.58","3.18","2.07","1.36","17.0 %","8.2 %","8.8 %",".242","1.29",".263","77.3 %","92","113","104","4.08","5.08","-1.00","4.61","4.43","12890"
"Zack Godley","Diamondbacks","6.95","3.67","1.89","1.44","17.4 %","9.2 %","8.2 %",".275","1.50",".306","62.9 %","141","116","118","6.29","5.11","1.18","5.21","5.11","14862"
"J. D. Hammer","Phillies","6.16","5.68","1.08","0.95","16.1 %","14.8 %","1.2 %",".217","1.42",".241","78.5 %","87","114","139","3.79","5.11","-1.32","6.13","5.94","19548"
"Justin Wilson","Mets","7.11","2.84","2.50","1.42","18.9 %","7.6 %","11.3 %",".213","1.11",".229","75.8 %","86","118","98","3.55","5.11","-1.56","4.30","4.18","4301"
"Elieser Hernandez","Marlins","10.16","2.14","4.75","2.14","27.0 %","5.7 %","21.3 %",".225","1.10",".253","80.5 %","102","119","99","4.28","5.12","-0.84","4.37","3.77","16933"
"Carl Edwards Jr.","Cubs","10.20","4.80","2.13","1.80","28.3 %","13.3 %","15.0 %",".135","1.00",".125","46.3 %","123","117","111","5.40","5.15","0.25","4.92","4.42","13607"
"Wandy Peralta","Reds","8.17","3.20","2.56","1.78","21.7 %","8.5 %","13.2 %",".240","1.26",".265","69.2 %","119","114","97","5.33","5.15","0.18","4.30","4.21","14295"
"Andrew Miller","Cardinals","13.50","3.99","3.38","2.15","34.9 %","10.3 %","24.6 %",".231","1.30",".316","78.3 %","93","118","79","3.99","5.16","-1.17","3.47","3.17","6785"
"J.A. Happ","Yankees","7.20","2.18","3.30","1.89","19.1 %","5.8 %","13.4 %",".261","1.26",".280","74.7 %","106","108","107","4.93","5.17","-0.25","4.91","4.71","7410"
"Randy Rosario","Cubs","8.44","4.22","2.00","1.69","20.4 %","10.2 %","10.2 %",".273","1.59",".313","63.4 %","134","117","79","5.91","5.18","0.72","3.49","4.03","14508"
"Jorge Lopez","Royals","9.04","3.09","2.92","1.90","22.4 %","7.7 %","14.8 %",".292","1.53",".343","64.9 %","138","115","96","6.42","5.18","1.24","4.42","4.33","14527"
"Dereck Rodriguez","Giants","6.16","3.38","1.83","1.47","15.7 %","8.6 %","7.1 %",".256","1.39",".274","64.4 %","117","124","114","4.99","5.19","-0.20","5.03","5.24","14509"
"Chris Stratton","- - -","7.20","3.78","1.90","1.62","17.5 %","9.2 %","8.3 %",".317","1.74",".358","67.2 %","151","116","112","6.66","5.21","1.45","5.09","5.08","13761"
"Chance Adams","Yankees","7.50","3.75","2.00","1.50","18.2 %","9.1 %","9.1 %",".286","1.58",".324","58.1 %","145","109","120","6.75","5.21","1.54","5.52","4.85","18135"
"Erick Fedde","Nationals","4.66","3.69","1.26","1.17","12.6 %","10.0 %","2.6 %",".249","1.32",".259","82.4 %","78","118","119","3.50","5.22","-1.73","5.24","5.59","17425"
"Dallas Keuchel","Braves","5.26","2.87","1.83","1.43","13.8 %","7.5 %","6.3 %",".260","1.33",".271","80.3 %","80","120","101","3.58","5.23","-1.65","4.47","4.84","9434"
"Luis Avilan","Mets","8.03","4.38","1.83","1.46","18.6 %","10.2 %","8.5 %",".327","1.86",".385","61.3 %","194","121","118","8.03","5.24","2.79","5.21","4.91","2882"
"Mike Wright Jr.","- - -","9.20","3.68","2.50","1.84","20.4 %","8.2 %","12.2 %",".331","1.91",".392","56.5 %","177","113","109","7.98","5.26","2.72","5.02","4.45","12586"
"Chad Sobotka","Braves","10.64","4.91","2.17","1.64","26.5 %","12.2 %","14.3 %",".229","1.41",".283","66.9 %","119","121","106","5.32","5.26","0.06","4.69","4.24","17470"
"Jairo Diaz","Rockies","9.95","3.20","3.11","2.13","25.5 %","8.2 %","17.3 %",".250","1.34",".288","79.0 %","98","112","97","4.97","5.27","-0.29","4.29","3.83","12774"
"Matt Grace","Nationals","5.91","2.06","2.88","1.80","15.1 %","5.3 %","9.9 %",".308","1.49",".327","64.8 %","138","119","104","6.17","5.27","0.90","4.59","4.51","11449"
"Adam Conley","Marlins","8.68","3.13","2.77","1.93","20.7 %","7.5 %","13.2 %",".314","1.69",".365","59.5 %","191","123","107","7.96","5.28","2.68","4.71","4.35","14457"
"CC Sabathia","Yankees","8.45","3.07","2.75","1.98","22.3 %","8.1 %","14.2 %",".250","1.30",".276","81.2 %","87","110","104","4.06","5.29","-1.23","4.77","4.62","404"
"Tyler Beede","Giants","8.77","4.91","1.79","1.58","21.4 %","12.0 %","9.4 %",".260","1.58",".303","71.0 %","127","127","114","5.44","5.30","0.14","5.02","5.12","16981"
"Nick Vincent","Giants","8.80","2.35","3.75","2.05","21.7 %","5.8 %","15.9 %",".283","1.43",".322","72.6 %","131","127","101","5.58","5.30","0.27","4.46","4.03","7555"
"Dylan Bundy","Orioles","9.49","3.13","3.03","2.05","24.0 %","7.9 %","16.1 %",".257","1.37",".294","71.2 %","114","112","104","5.28","5.31","-0.03","4.77","4.42","12917"
"Wade LeBlanc","Mariners","6.91","2.13","3.24","2.01","17.5 %","5.4 %","12.1 %",".280","1.40",".298","73.8 %","118","118","110","5.15","5.34","-0.19","5.05","4.69","5221"
"Matt Strahm","Padres","8.59","1.90","4.53","2.23","22.1 %","4.9 %","17.2 %",".273","1.31",".301","73.5 %","128","122","108","5.47","5.35","0.12","4.74","4.37","13799"
"Robert Stock","Padres","12.66","6.75","1.88","1.69","26.8 %","14.3 %","12.5 %",".298","2.06",".400","44.6 %","237","123","117","10.13","5.37","4.75","5.15","4.51","6576"
"Luke Bard","Angels","7.45","2.79","2.67","1.86","18.9 %","7.1 %","11.8 %",".267","1.38",".291","65.5 %","133","119","122","5.90","5.39","0.51","5.62","4.77","14288"
"Anthony Bass","Mariners","6.04","3.63","1.67","1.61","16.5 %","9.9 %","6.6 %",".220","1.21",".222","74.8 %","101","120","105","4.43","5.41","-0.98","4.85","4.94","7982"
"Glenn Sparkman","Royals","5.15","2.21","2.33","1.72","13.4 %","5.7 %","7.6 %",".273","1.34",".278","76.2 %","97","120","115","4.54","5.41","-0.87","5.27","5.31","15200"
"Tyler Thornburg","Red Sox","10.61","4.82","2.20","1.93","25.6 %","11.6 %","14.0 %",".280","1.66",".347","60.6 %","160","119","117","7.71","5.41","2.30","5.38","4.43","10688"
"Felix Hernandez","Mariners","7.91","1.86","4.25","2.09","19.5 %","4.6 %","14.9 %",".309","1.50",".345","62.8 %","149","120","100","6.52","5.41","1.10","4.58","4.36","4772"
"Derek Law","Blue Jays","11.40","4.80","2.38","2.10","26.0 %","11.0 %","15.1 %",".287","1.77",".357","65.6 %","150","117","88","6.90","5.41","1.49","4.03","4.03","13133"
"Brian Johnson","Red Sox","8.36","3.86","2.17","1.93","18.8 %","8.7 %","10.1 %",".349","2.00",".404","71.4 %","133","120","122","6.43","5.43","1.00","5.60","4.96","14272"
"Antonio Senzatela","Rockies","5.11","4.22","1.21","1.28","12.5 %","10.3 %","2.2 %",".291","1.65",".310","65.5 %","114","116","117","5.79","5.43","0.36","5.18","5.65","15488"
"Steven Matz","Mets","8.47","3.18","2.67","2.01","21.1 %","7.9 %","13.2 %",".278","1.48",".313","75.4 %","118","125","105","4.87","5.44","-0.57","4.65","4.64","13361"
"Ivan Nova","White Sox","5.86","2.52","2.32","1.79","14.8 %","6.4 %","8.4 %",".317","1.57",".339","69.3 %","129","118","106","5.86","5.45","0.41","4.86","5.11","1994"
"Tyler Chatwood","Cubs","7.04","5.09","1.38","1.37","18.2 %","13.1 %","5.1 %",".253","1.50",".283","78.4 %","98","124","105","4.30","5.45","-1.15","4.63","5.14","4338"
"Yusei Kikuchi","Mariners","6.68","3.25","2.05","1.76","16.9 %","8.2 %","8.7 %",".274","1.46",".294","68.0 %","115","121","112","5.01","5.47","-0.46","5.17","5.19","20633"
"Mike Dunn","Rockies","7.64","3.06","2.50","2.04","20.0 %","8.0 %","12.0 %",".246","1.30",".260","51.7 %","140","117","121","7.13","5.48","1.65","5.33","4.59","9948"
"Zach Plesac","Indians","6.38","3.38","1.89","1.69","17.9 %","9.5 %","8.4 %",".206","1.10",".205","82.6 %","74","119","115","3.56","5.49","-1.92","5.27","5.31","19979"
"Yimi Garcia","Dodgers","8.20","2.41","3.40","2.17","23.9 %","7.0 %","16.9 %",".146","0.78",".115","76.1 %","92","127","121","3.86","5.49","-1.63","5.32","4.25","12095"
"Devin Smeltzer","Twins","7.02","2.16","3.25","2.16","20.3 %","6.3 %","14.1 %",".217","1.02",".209","96.5 %","69","118","103","3.24","5.49","-2.25","4.74","4.55","19487"
"Aaron Sanchez","Blue Jays","7.32","5.21","1.41","1.32","17.3 %","12.3 %","5.0 %",".291","1.75",".333","66.5 %","136","119","118","6.26","5.50","0.77","5.41","5.58","11490"
"Justin Shafer","Blue Jays","8.53","6.39","1.33","1.42","21.1 %","15.8 %","5.3 %",".229","1.58",".265","98.8 %","46","119","139","2.13","5.50","-3.37","6.41","5.78","16132"
"Drew Pomeranz","Giants","10.45","4.35","2.40","2.12","24.8 %","10.3 %","14.5 %",".293","1.70",".357","73.6 %","143","133","106","6.10","5.56","0.53","4.67","4.60","11426"
"Blake Parker","Twins","8.21","3.97","2.07","1.85","21.4 %","10.3 %","11.0 %",".227","1.29",".244","88.4 %","73","119","105","3.44","5.57","-2.13","4.81","4.54","5224"
"Wilmer Font","- - -","8.40","3.60","2.33","2.00","21.7 %","9.3 %","12.4 %",".253","1.38",".279","76.0 %","122","128","119","5.20","5.57","-0.37","5.31","4.60","5257"
"Reynaldo Lopez","White Sox","8.05","3.46","2.33","1.99","20.0 %","8.6 %","11.4 %",".286","1.54",".319","68.3 %","132","121","121","5.97","5.57","0.40","5.58","5.07","16400"
"Chi Chi Gonzalez","Rockies","6.43","5.79","1.11","1.29","15.4 %","13.9 %","1.5 %",".286","1.79",".318","76.6 %","101","119","116","5.14","5.57","-0.43","5.12","5.92","14663"
"Allen Webster","Cubs","7.36","4.09","1.80","1.64","17.3 %","9.6 %","7.7 %",".304","1.73",".343","75.6 %","112","126","109","4.91","5.58","-0.67","4.83","4.56","3993"
"Kyle Crick","Pirates","11.07","7.56","1.46","1.35","27.0 %","18.4 %","8.6 %",".200","1.56",".257","83.7 %","88","128","123","3.78","5.58","-1.80","5.41","5.18","13182"
"Aaron Brooks","- - -","7.28","2.59","2.81","1.94","19.2 %","6.8 %","12.3 %",".239","1.20",".250","76.5 %","104","124","112","4.69","5.59","-0.90","5.16","4.70","12272"
"Chris Archer","Pirates","10.52","4.47","2.36","2.18","26.7 %","11.3 %","15.4 %",".237","1.41",".275","74.6 %","124","128","104","5.36","5.59","-0.23","4.59","4.54","6345"
"Jhoulys Chacin","Brewers","7.88","4.00","1.97","1.84","19.7 %","10.0 %","9.7 %",".261","1.48",".288","74.6 %","116","125","120","5.18","5.59","-0.41","5.28","5.17","2608"
"Clay Buchholz","Blue Jays","4.38","2.19","2.00","1.82","11.1 %","5.6 %","5.6 %",".314","1.54",".318","64.5 %","143","122","119","6.57","5.61","0.96","5.45","5.66","3543"
"Brad Wieck","Padres","11.31","3.28","3.44","2.55","28.2 %","8.2 %","20.0 %",".260","1.42",".306","64.9 %","154","128","102","6.57","5.61","0.96","4.48","3.67","16390"
"Dan Otero","Indians","3.80","1.14","3.33","1.90","9.5 %","2.9 %","6.7 %",".317","1.48",".314","79.3 %","95","121","106","4.56","5.62","-1.06","4.88","4.60","7385"
"Nick Kingham","- - -","7.52","4.10","1.83","1.88","17.8 %","9.7 %","8.1 %",".341","1.90",".387","65.0 %","177","126","121","7.69","5.63","2.06","5.42","5.10","11694"
"Phil Maton","Padres","7.40","2.22","3.33","2.22","17.4 %","5.2 %","12.2 %",".315","1.64",".341","58.3 %","182","129","105","7.77","5.64","2.13","4.62","4.36","18064"
"Wes Parsons","Braves","7.53","6.91","1.09","1.26","20.3 %","18.6 %","1.7 %",".229","1.53",".265","78.1 %","84","130","131","3.77","5.66","-1.89","5.77","6.00","14764"
"Chris Flexen","Mets","6.92","9.00","0.77","0.69","14.9 %","19.4 %","-4.5 %",".259","2.08",".302","58.6 %","167","131","171","6.92","5.68","1.25","7.56","7.03","13896"
"Keone Kela","Pirates","8.49","3.09","2.75","2.31","22.0 %","8.0 %","14.0 %",".239","1.29",".250","83.3 %","107","130","115","4.63","5.70","-1.07","5.07","4.34","14696"
"Richard Rodriguez","Pirates","7.40","3.70","2.00","1.96","18.8 %","9.4 %","9.4 %",".258","1.43",".275","88.6 %","81","130","125","3.48","5.71","-2.22","5.50","4.84","13549"
"Gabriel Ynoa","Orioles","5.58","2.64","2.11","1.91","13.8 %","6.5 %","7.3 %",".289","1.50",".298","59.4 %","136","120","122","6.31","5.71","0.60","5.63","5.23","12938"
"Dario Agrazal","Pirates","2.86","3.27","0.88","1.23","7.6 %","8.7 %","-1.1 %",".256","1.32",".250","89.6 %","57","131","150","2.45","5.71","-3.26","6.63","6.65","15821"
"Nick Pivetta","Phillies","7.57","3.26","2.32","2.09","19.0 %","8.2 %","10.8 %",".280","1.49",".302","71.4 %","131","127","107","5.74","5.72","0.02","4.74","4.95","15454"
"Jeurys Familia","Mets","9.38","6.82","1.38","1.42","22.2 %","16.1 %","6.0 %",".287","1.86",".357","65.5 %","172","132","119","7.11","5.74","1.36","5.25","5.20","5114"
"Jimmy Yacabonis","Orioles","7.52","3.90","1.93","1.95","19.0 %","9.9 %","9.2 %",".268","1.48",".290","74.0 %","114","121","124","5.29","5.75","-0.46","5.68","4.98","15157"
"Dylan Covey","White Sox","5.54","5.08","1.09","1.38","13.3 %","12.2 %","1.1 %",".261","1.62",".276","64.8 %","132","125","133","6.00","5.75","0.25","6.13","6.24","14825"
"Jake Newberry","Royals","7.06","3.32","2.13","2.08","18.5 %","8.7 %","9.8 %",".250","1.34",".258","90.9 %","80","127","129","3.74","5.75","-2.01","5.94","4.97","15136"
"Wily Peralta","Royals","5.49","4.12","1.33","1.60","14.2 %","10.7 %","3.6 %",".280","1.53",".294","70.3 %","113","128","123","5.26","5.76","-0.49","5.65","5.46","7738"
"Wei-Yin Chen","Marlins","7.97","2.83","2.82","2.06","19.0 %","6.8 %","12.3 %",".313","1.63",".352","59.1 %","191","135","121","7.97","5.79","2.19","5.35","4.49","13071"
"Genesis Cabrera","Cardinals","7.71","5.40","1.43","1.54","17.0 %","11.9 %","5.1 %",".294","1.89",".333","59.4 %","143","133","142","6.17","5.79","0.39","6.27","5.70","17490"
"Derek Holland","Giants","9.27","4.70","1.97","2.01","23.2 %","11.8 %","11.5 %",".240","1.45",".270","70.0 %","129","139","114","5.51","5.81","-0.30","5.02","4.79","4141"
"Kyle McGowin","Nationals","9.90","1.80","5.50","2.70","22.9 %","4.2 %","18.8 %",".311","1.60",".355","39.1 %","221","132","88","9.90","5.81","4.09","3.89","3.74","15071"
"Dinelson Lamet","Padres","12.60","3.60","3.50","2.70","32.6 %","9.3 %","23.3 %",".211","1.20",".238","68.2 %","148","133","97","6.30","5.81","0.49","4.28","3.70","17186"
"Josh Osich","White Sox","6.68","1.87","3.57","2.41","18.3 %","5.1 %","13.1 %",".262","1.22",".260","66.9 %","130","126","106","5.88","5.83","0.05","4.87","4.43","11528"
"Carson Fulmer","White Sox","10.34","8.04","1.29","1.15","21.7 %","16.9 %","4.8 %",".258","1.98",".326","64.1 %","139","127","132","6.32","5.83","0.49","6.06","5.53","18311"
"Josh A. Smith","Red Sox","9.33","2.45","3.80","2.45","22.9 %","6.0 %","16.9 %",".289","1.47",".327","72.7 %","112","129","99","5.40","5.83","-0.43","4.55","4.11","10946"
"Nick Margevicius","Padres","6.41","2.87","2.24","2.03","15.6 %","7.0 %","8.6 %",".299","1.58",".316","65.5 %","150","134","114","6.41","5.84","0.57","5.02","5.18","20395"
"Dan Winkler","Braves","9.14","4.57","2.00","2.08","23.7 %","11.8 %","11.8 %",".222","1.34",".241","69.6 %","112","134","114","4.98","5.85","-0.86","5.03","4.62","12237"
"Kohl Stewart","Twins","2.08","2.60","0.80","1.56","5.8 %","7.3 %","-1.5 %",".250","1.21",".228","77.4 %","88","125","116","4.15","5.87","-1.71","5.33","5.82","15502"
"Vince Velasquez","Phillies","10.33","3.54","2.92","2.51","26.3 %","9.0 %","17.3 %",".255","1.39",".289","82.6 %","111","131","107","4.87","5.87","-1.00","4.74","4.26","11189"
"Victor Alcantara","Tigers","5.17","3.05","1.69","1.88","13.5 %","8.0 %","5.5 %",".275","1.41",".277","70.8 %","112","126","116","5.17","5.88","-0.71","5.33","5.06","15028"
"Bryse Wilson","Braves","7.71","4.82","1.60","1.93","18.8 %","11.8 %","7.1 %",".293","1.71",".327","60.6 %","151","135","128","6.75","5.89","0.86","5.65","5.54","19990"
"Gregory Soto","Tigers","6.59","3.95","1.67","1.98","15.6 %","9.4 %","6.3 %",".293","1.68",".311","63.8 %","157","127","123","7.24","5.92","1.32","5.67","5.48","19677"
"Ross Detwiler","White Sox","3.77","1.88","2.00","1.88","9.5 %","4.8 %","4.8 %",".356","1.67",".360","67.3 %","111","129","109","5.02","5.94","-0.91","5.01","4.87","2859"
"Peter Lambert","Rockies","5.80","1.77","3.29","2.27","14.7 %","4.5 %","10.3 %",".293","1.40",".296","71.1 %","119","127","107","6.06","5.96","0.09","4.73","4.94","17969"
"Geoff Hartlieb","Pirates","9.00","4.50","2.00","2.25","21.1 %","10.5 %","10.5 %",".329","1.90",".383","64.5 %","188","136","100","8.10","5.96","2.14","4.39","4.43","19558"
"Matt Harvey","Angels","6.37","4.02","1.58","1.84","16.0 %","10.1 %","5.9 %",".265","1.49",".278","60.7 %","155","131","114","6.88","5.97","0.90","5.26","5.54","11713"
"Blaine Hardy","Tigers","4.78","2.15","2.22","2.15","13.5 %","6.1 %","7.4 %",".194","0.96",".164","64.1 %","98","128","113","4.54","5.98","-1.44","5.18","4.93","6499"
"Tyson Ross","Tigers","6.37","4.58","1.39","1.78","15.4 %","11.1 %","4.3 %",".287","1.67",".306","63.8 %","132","129","112","6.11","5.99","0.13","5.14","5.51","7872"
"Montana DuRapau","Pirates","10.13","3.38","3.00","2.53","23.5 %","7.8 %","15.7 %",".326","1.78",".387","44.3 %","196","138","91","8.44","6.03","2.41","4.04","4.03","16768"
"Cole Irvin","Phillies","8.17","2.49","3.29","2.49","19.7 %","6.0 %","13.7 %",".306","1.58",".333","59.0 %","179","135","118","7.82","6.06","1.76","5.19","4.71","19244"
"Branden Kline","Orioles","8.53","3.55","2.40","2.49","21.6 %","9.0 %","12.6 %",".267","1.46",".286","62.5 %","146","128","100","6.75","6.10","0.65","4.61","4.46","14101"
"Kyle Barraclough","Nationals","10.66","4.26","2.50","2.49","24.6 %","9.8 %","14.8 %",".296","1.74",".352","71.8 %","143","138","113","6.39","6.10","0.30","5.00","4.21","13713"
"Nate Jones","White Sox","8.71","6.10","1.43","1.74","21.3 %","14.9 %","6.4 %",".256","1.65",".296","92.1 %","77","133","120","3.48","6.12","-2.63","5.51","5.18","4696"
"Corbin Burnes","Brewers","13.11","3.91","3.35","3.13","30.0 %","9.0 %","21.1 %",".325","1.87",".417","56.6 %","202","137","76","9.00","6.13","2.87","3.37","3.57","19361"
"Kyle Freeland","Rockies","7.39","3.55","2.08","2.27","17.8 %","8.5 %","9.2 %",".289","1.61",".308","60.1 %","145","131","121","7.39","6.14","1.25","5.35","5.18","16256"
"Jimmy Nelson","Brewers","9.64","9.00","1.07","1.29","20.6 %","19.2 %","1.4 %",".310","2.29",".390","62.9 %","187","137","142","8.36","6.14","2.21","6.26","6.40","10547"
"Mike Foltynewicz","Braves","7.58","3.03","2.50","2.43","19.2 %","7.7 %","11.5 %",".269","1.42",".279","61.3 %","143","141","119","6.37","6.15","0.22","5.24","5.00","10811"
"Adalberto Mejia","Twins","8.80","7.04","1.25","1.76","21.1 %","16.9 %","4.2 %",".271","1.83",".317","50.4 %","187","132","134","8.80","6.15","2.66","6.18","5.79","13188"
"Pat Neshek","Phillies","4.50","1.00","4.50","2.50","11.4 %","2.5 %","8.9 %",".299","1.39",".286","77.8 %","114","137","125","5.00","6.16","-1.16","5.51","5.01","4682"
"Trevor Cahill","Angels","6.81","3.09","2.21","2.31","17.3 %","7.8 %","9.5 %",".272","1.43",".279","66.8 %","147","136","111","6.56","6.20","0.36","5.09","5.02","6249"
"Mike Montgomery","Cubs","6.00","4.33","1.38","2.00","14.6 %","10.6 %","4.1 %",".318","1.78",".337","75.8 %","129","141","110","5.67","6.21","-0.55","4.86","5.26","4869"
"Michael Wacha","Cardinals","7.31","4.60","1.59","2.12","18.1 %","11.4 %","6.7 %",".284","1.64",".305","74.4 %","129","143","116","5.54","6.23","-0.69","5.10","5.40","14078"
"Matthew Festa","Mariners","7.08","5.31","1.33","1.77","17.0 %","12.8 %","4.3 %",".238","1.52",".250","69.3 %","132","139","136","5.75","6.26","-0.51","6.23","5.54","19330"
"Clayton Richard","Blue Jays","4.37","3.57","1.22","1.79","11.0 %","9.0 %","2.0 %",".296","1.57",".297","67.3 %","130","136","116","5.96","6.28","-0.32","5.31","5.54","3551"
"Taylor Clarke","Diamondbacks","6.86","3.64","1.88","2.14","16.7 %","8.9 %","7.8 %",".287","1.57",".302","69.6 %","139","142","132","6.21","6.29","-0.07","5.82","5.37","17611"
"Jeremy Hellickson","Nationals","6.92","4.62","1.50","2.08","16.4 %","10.9 %","5.5 %",".290","1.72",".309","66.8 %","139","142","135","6.23","6.29","-0.06","5.97","5.69","4371"
"Tyler Bashlor","Mets","9.26","5.40","1.71","2.31","23.1 %","13.5 %","9.6 %",".222","1.46",".233","78.1 %","131","145","128","5.40","6.30","-0.90","5.67","4.95","15203"
"Elvis Luciano","Blue Jays","7.16","7.48","0.96","1.30","15.9 %","16.7 %","-0.7 %",".295","2.02",".337","73.0 %","142","137","151","6.51","6.32","0.18","6.94","6.25","20632"
"Caleb Ferguson","Dodgers","10.96","5.09","2.15","2.35","25.0 %","11.6 %","13.4 %",".284","1.74",".344","81.5 %","130","147","109","5.48","6.39","-0.91","4.80","4.37","19349"
"Tanner Scott","Orioles","14.29","8.74","1.64","2.38","31.0 %","19.0 %","12.1 %",".319","2.29",".462","78.0 %","120","135","94","5.56","6.39","-0.83","4.34","4.83","17586"
"Shelby Miller","Rangers","6.14","5.93","1.03","1.64","13.6 %","13.2 %","0.5 %",".309","1.98",".333","55.8 %","174","134","147","8.59","6.40","2.19","6.77","6.24","10197"
"Jesse Biddle","- - -","8.36","7.07","1.18","1.61","17.1 %","14.5 %","2.6 %",".333","2.29",".389","57.4 %","184","143","135","8.36","6.46","1.89","6.12","5.62","11437"
"Jose Ruiz","White Sox","7.13","6.00","1.19","1.88","16.0 %","13.5 %","2.5 %",".333","2.08",".372","77.3 %","141","140","143","6.38","6.46","-0.09","6.55","5.83","14552"
"Zach Duke","Reds","6.94","6.94","1.00","1.54","17.0 %","17.0 %","0.0 %",".244","1.67",".266","79.1 %","112","143","129","5.01","6.47","-1.46","5.68","5.98","3840"
"Adam Plutko","Indians","5.83","1.08","5.40","2.81","15.7 %","2.9 %","12.8 %",".273","1.20",".256","74.0 %","113","140","121","5.40","6.48","-1.08","5.55","5.13","15846"
"Jose Suarez","Angels","10.19","3.86","2.64","2.76","25.2 %","9.5 %","15.7 %",".285","1.56",".325","82.5 %","124","143","119","5.51","6.49","-0.98","5.47","4.66","19911"
"Jerad Eickhoff","Phillies","7.87","2.78","2.83","2.78","20.8 %","7.4 %","13.5 %",".258","1.30",".256","77.7 %","130","145","116","5.71","6.51","-0.80","5.13","4.76","12664"
"Michael Shawaryn","Red Sox","14.21","4.97","2.86","2.84","33.3 %","11.7 %","21.7 %",".260","1.58",".346","63.2 %","177","144","107","8.53","6.53","2.00","4.92","3.55","19495"
"Luis Garcia","Angels","6.81","5.05","1.35","2.02","16.9 %","12.5 %","4.4 %",".241","1.49",".245","87.1 %","96","144","126","4.29","6.55","-2.26","5.79","5.46","6984"
"Kyle Dowdy","Rangers","6.85","7.25","0.94","1.61","15.5 %","16.4 %","-0.9 %",".286","1.97",".314","63.5 %","147","138","129","7.25","6.57","0.68","5.92","6.16","19285"
"Neil Ramirez","Indians","9.72","4.86","2.00","2.70","24.0 %","12.0 %","12.0 %",".273","1.62",".302","80.0 %","113","142","130","5.40","6.57","-1.17","5.99","4.88","7677"
"Tim Hill","Royals","7.20","4.50","1.60","1.80","17.8 %","11.1 %","6.7 %",".243","1.40",".259","77.5 %","96","147","117","4.50","6.61","-2.11","5.40","4.67","16814"
"Seunghwan Oh","Rockies","7.85","2.95","2.67","2.95","18.2 %","6.8 %","11.4 %",".354","1.91",".383","60.2 %","183","143","114","9.33","6.71","2.62","5.04","4.58","18719"
"Alex Wilson","Brewers","10.32","7.15","1.44","2.38","22.8 %","15.8 %","7.0 %",".313","2.12",".375","60.6 %","214","151","114","9.53","6.74","2.79","5.04","5.19","9239"
"Yefry Ramirez","Orioles","9.58","7.84","1.22","1.74","22.5 %","18.4 %","4.1 %",".289","1.94",".360","67.7 %","151","143","135","6.97","6.80","0.17","6.19","5.81","15655"
"Manny Banuelos","White Sox","8.28","5.91","1.40","2.36","19.9 %","14.2 %","5.7 %",".300","1.84",".333","73.3 %","152","148","129","6.90","6.83","0.07","5.92","5.69","5365"
"Drew Gagnon","Mets","7.20","3.15","2.29","2.70","16.5 %","7.2 %","9.3 %",".295","1.65",".303","63.9 %","185","158","134","7.65","6.86","0.79","5.93","4.88","12545"
"Erik Swanson","Mariners","7.02","1.62","4.33","3.24","17.2 %","4.0 %","13.3 %",".290","1.44",".280","44.9 %","185","152","113","8.10","6.87","1.23","5.22","4.90","16587"
"Odrisamer Despaigne","White Sox","4.73","4.73","1.00","2.03","10.3 %","10.3 %","0.0 %",".400","2.33",".420","64.8 %","208","150","154","9.45","6.89","2.56","7.07","6.62","16017"
"David Hess","Orioles","7.28","3.71","1.96","2.78","17.6 %","9.0 %","8.7 %",".283","1.59",".285","57.8 %","155","145","127","7.15","6.89","0.26","5.84","5.40","16130"
"Jose Quijada","Marlins","10.45","9.58","1.09","1.74","23.1 %","21.2 %","1.9 %",".250","2.03",".308","88.5 %","83","160","143","3.48","6.89","-3.41","6.29","6.14","19200"
"Joe Ross","Nationals","7.36","5.52","1.33","1.84","15.4 %","11.5 %","3.9 %",".338","2.11",".380","52.0 %","246","156","151","11.05","6.90","4.15","6.66","5.42","12972"
"Adam Warren","Padres","7.85","3.77","2.08","2.83","20.2 %","9.7 %","10.5 %",".252","1.40",".247","81.0 %","125","158","113","5.34","6.91","-1.57","4.97","4.66","9029"
"Ryan Carpenter","Tigers","5.53","2.88","1.92","2.66","12.7 %","6.6 %","6.1 %",".335","1.82",".338","50.7 %","201","149","133","9.30","6.93","2.37","6.10","5.70","12699"
"Edubray Ramos","Phillies","5.79","3.21","1.80","2.57","14.3 %","7.9 %","6.4 %",".316","1.64",".318","81.5 %","118","154","159","5.14","6.93","-1.79","7.02","5.79","16086"
"Austin Adams","- - -","7.56","7.02","1.08","2.16","17.5 %","16.3 %","1.3 %",".269","1.86",".286","70.9 %","151","150","138","7.02","6.99","0.03","6.36","5.97","7411"
"Edgar Garcia","Phillies","9.91","6.15","1.61","2.73","24.4 %","15.1 %","9.2 %",".267","1.71",".297","79.9 %","141","156","129","6.15","7.01","-0.86","5.69","5.04","19276"
"Justin Miller","Nationals","6.32","2.30","2.75","2.87","16.9 %","6.2 %","10.8 %",".271","1.28",".256","93.3 %","90","161","147","4.02","7.11","-3.09","6.49","5.44","8580"
"Nathan Eovaldi","Red Sox","6.86","4.71","1.45","2.57","17.2 %","11.8 %","5.4 %",".259","1.52",".254","73.2 %","125","157","123","6.00","7.12","-1.12","5.66","5.63","9132"
"Reed Garrett","Tigers","5.87","7.63","0.77","1.76","13.0 %","16.9 %","-3.9 %",".381","2.41",".420","68.1 %","178","155","166","8.22","7.19","1.02","7.61","6.69","16866"
"Rookie Davis","Pirates","8.44","6.75","1.25","2.53","19.6 %","15.7 %","3.9 %",".279","1.88",".300","76.0 %","157","166","119","6.75","7.25","-0.50","5.26","5.62","14962"
"Chasen Bradford","Mariners","5.94","2.16","2.75","3.24","15.9 %","5.8 %","10.1 %",".262","1.26",".229","95.2 %","111","161","106","4.86","7.29","-2.43","4.87","4.52","12452"
"Marco Estrada","Athletics","4.18","3.04","1.38","2.66","10.4 %","7.6 %","2.8 %",".242","1.31",".208","62.0 %","152","167","180","6.85","7.52","-0.68","8.27","7.26","1118"
"Tyler Anderson","Rockies","10.02","4.79","2.09","3.48","21.7 %","10.4 %","11.3 %",".347","2.13",".391","51.8 %","231","162","108","11.76","7.62","4.14","4.78","4.90","12880"
"Enyel De Los Santos","Phillies","7.36","4.09","1.80","3.27","19.6 %","10.9 %","8.7 %",".317","1.64",".321","72.6 %","168","171","111","7.36","7.67","-0.31","4.92","5.04","18403"
"Kyle Wright","Braves","7.07","6.43","1.10","2.57","16.9 %","15.4 %","1.5 %",".278","1.79",".282","73.5 %","158","177","139","7.07","7.71","-0.64","6.12","6.22","19665"
"Adbert Alzolay","Cubs","9.53","5.56","1.71","3.18","22.2 %","13.0 %","9.3 %",".261","1.68",".267","76.4 %","163","177","128","7.15","7.80","-0.66","5.65","5.17","17859"
"Ryan Tepera","Blue Jays","7.36","4.91","1.50","3.27","17.7 %","11.8 %","5.9 %",".267","1.64",".250","80.7 %","143","172","128","6.55","7.94","-1.40","5.91","5.36","10291"
"Drew Steckenrider","Marlins","8.79","3.14","2.80","3.77","24.1 %","8.6 %","15.5 %",".173","0.98",".094","75.8 %","150","185","135","6.28","7.96","-1.68","5.96","4.49","18806"
"Heath Fillmyer","Royals","4.20","3.00","1.40","3.00","9.7 %","6.9 %","2.8 %",".323","1.73",".302","61.9 %","193","178","134","9.00","8.01","0.99","6.18","5.87","17466"
"Drew Smyly","Rangers","9.12","5.96","1.53","3.33","20.7 %","13.6 %","7.2 %",".296","1.91",".310","69.1 %","170","169","138","8.42","8.05","0.37","6.35","5.61","11760"
"Jesus Tinoco","Rockies","4.85","2.77","1.75","3.46","12.5 %","7.1 %","5.4 %",".269","1.38",".225","81.8 %","109","172","124","5.54","8.06","-2.52","5.49","5.17","16300"
"Andrew Suarez","Giants","6.94","6.17","1.13","3.09","15.5 %","13.8 %","1.7 %",".320","2.06",".324","48.9 %","235","196","131","10.03","8.19","1.84","5.76","6.09","18300"
"Zac Reininger","Tigers","2.89","4.82","0.60","2.89","6.6 %","11.0 %","-4.4 %",".358","2.09",".333","71.9 %","167","180","144","7.71","8.36","-0.64","6.61","6.56","15285"
"Cody Allen","Angels","11.35","7.83","1.45","3.52","25.0 %","17.2 %","7.8 %",".250","1.91",".259","89.2 %","141","185","152","6.26","8.39","-2.13","6.99","5.61","12183"
"Corbin Martin","Astros","8.84","5.59","1.58","3.72","20.7 %","13.0 %","7.6 %",".288","1.81",".283","88.2 %","127","187","123","5.59","8.49","-2.90","5.66","5.45","19884"
"Matt Koch","Diamondbacks","3.92","1.74","2.25","3.48","9.4 %","4.2 %","5.2 %",".333","1.60",".300","63.4 %","204","197","156","9.15","8.68","0.46","6.90","5.59","13420"
"Austin Davis","Phillies","10.50","8.25","1.27","3.00","22.6 %","17.7 %","4.8 %",".313","2.17",".367","76.9 %","189","194","155","8.25","8.71","-0.46","6.85","5.65","17117"
"Edwin Jackson","Blue Jays","6.04","4.13","1.46","3.81","13.2 %","9.0 %","4.2 %",".380","2.19",".378","48.7 %","242","194","140","11.12","8.97","2.15","6.46","5.73","1841"
"Alex McRae","Pirates","10.95","4.38","2.50","4.38","24.6 %","9.8 %","14.8 %",".302","1.78",".313","64.1 %","203","207","124","8.76","9.05","-0.30","5.45","4.23","16317"
"Dan Straily","Orioles","6.23","4.15","1.50","4.15","14.0 %","9.3 %","4.7 %",".344","1.99",".325","66.5 %","212","197","155","9.82","9.34","0.48","7.11","6.04","9460"
"Ervin Santana","White Sox","3.38","4.05","0.83","4.05","7.8 %","9.4 %","-1.6 %",".328","1.88",".277","66.3 %","208","210","180","9.45","9.66","-0.21","8.26","7.17","3200"
"Josh Rogers","Orioles","3.14","3.77","0.83","4.40","7.3 %","8.7 %","-1.5 %",".305","1.67",".234","76.9 %","190","231","190","8.79","10.96","-2.17","8.74","6.97","18510"
"Alex Cobb","Orioles","5.84","1.46","4.00","6.57","13.3 %","3.3 %","10.0 %",".362","1.86",".293","67.3 %","237","250","105","10.95","11.89","-0.94","4.80","4.93","6562"
"Kyle Bird","Rangers","8.71","12.19","0.71","4.35","17.5 %","24.6 %","-7.0 %",".244","2.32",".192","79.0 %","194","256","191","9.58","12.21","-2.63","8.79","7.52","16618"
