"Name","Team","Age","GS","IP","ERA","WHIP","FIP","E-F","xFIP","SwStr%","K/9","BB/9","K/BB","BABIP","LOB%","HR/FB","GB/FB","playerid"
"Kirby Yates","Padres","32","0","57.2","1.25","0.90","1.27","-0.02","2.17","15.7 %","14.98","1.87","8.00",".330","79.7 %","5.1 %","1.44","9073"
"Jacob Webb","Braves","25","0","32.1","1.39","1.11","4.30","-2.90","5.15","13.1 %","7.79","3.34","2.33",".233","86.0 %","10.0 %","0.85","19274"
"Liam Hendriks","Athletics","30","2","77.1","1.63","0.94","1.80","-0.18","3.27","17.2 %","13.03","2.21","5.89",".307","87.9 %","4.8 %","0.59","3548"
"Will Harris","Astros","34","0","54.2","1.65","0.99","3.31","-1.66","3.08","12.2 %","9.22","2.14","4.31",".257","87.7 %","18.2 %","2.33","3192"
"Felipe Vazquez","Pirates","27","0","58.0","1.71","0.93","2.16","-0.46","2.65","14.3 %","13.50","1.86","7.25",".308","90.2 %","10.6 %","1.06","12076"
"Adam Ottavino","Yankees","33","0","61.1","1.76","1.26","3.49","-1.73","4.31","11.1 %","11.89","5.28","2.25",".271","91.7 %","8.6 %","0.88","1247"
"Aaron Civale","Indians","24","8","46.2","1.93","1.05","2.98","-1.05","4.55","9.2 %","7.33","2.31","3.17",".267","78.4 %","4.0 %","1.04","19479"
"Casey Sadler","- - -","28","0","41.2","1.94","1.08","4.13","-2.18","4.69","8.4 %","6.05","2.16","2.80",".252","89.9 %","10.5 %","1.66","11209"
"Ken Giles","Blue Jays","28","0","45.0","2.00","1.07","2.13","-0.13","2.74","19.4 %","14.60","3.00","4.87",".330","89.6 %","10.0 %","0.85","12910"
"Zack Britton","Yankees","31","0","56.1","2.08","1.22","4.00","-1.92","3.83","10.0 %","7.51","5.11","1.47",".231","86.6 %","20.0 %","7.60","3240"
"Brandon Workman","Red Sox","30","0","63.0","2.14","1.03","2.52","-0.37","3.38","12.7 %","12.86","5.57","2.31",".208","77.7 %","2.9 %","1.79","11428"
"Tyler Glasnow","Rays","25","9","50.1","2.15","0.93","2.52","-0.37","2.99","12.1 %","10.73","1.97","5.45",".274","82.1 %","10.5 %","1.61","14374"
"Emilio Pagan","Rays","28","0","61.2","2.19","0.83","3.25","-1.06","3.20","17.1 %","12.41","1.90","6.54",".222","94.7 %","15.6 %","0.72","14771"
"Aaron Bummer","White Sox","25","0","57.0","2.21","1.04","3.64","-1.42","3.63","10.3 %","7.89","3.32","2.38",".234","83.3 %","15.4 %","3.96","16258"
"Shane Greene","- - -","30","0","56.1","2.24","0.99","3.62","-1.39","3.77","11.7 %","9.75","2.56","3.81",".236","78.8 %","14.0 %","1.44","10756"
"Scott Oberg","Rockies","29","0","56.0","2.25","1.11","3.54","-1.29","3.90","12.3 %","9.32","3.70","2.52",".248","80.0 %","11.6 %","1.58","13911"
"Giovanny Gallegos","Cardinals","27","0","63.1","2.27","0.79","2.76","-0.48","3.43","17.0 %","11.94","1.85","6.46",".227","85.7 %","10.4 %","0.69","14986"
"Aroldis Chapman","Yankees","31","0","53.2","2.35","1.14","2.45","-0.10","3.02","13.9 %","13.25","4.19","3.16",".287","76.1 %","8.6 %","1.37","10233"
"Hyun-Jin Ryu","Dodgers","32","26","161.2","2.45","1.06","3.18","-0.73","3.45","11.2 %","7.91","1.34","5.92",".285","81.2 %","12.5 %","1.93","14444"
"Taylor Rogers","Twins","28","0","62.1","2.45","1.03","2.88","-0.42","3.05","10.7 %","11.55","1.44","8.00",".315","88.0 %","13.7 %","1.45","13449"
"Julio Urias","Dodgers","22","8","72.2","2.48","1.09","3.54","-1.07","4.37","13.6 %","9.17","2.85","3.22",".258","77.9 %","9.2 %","0.97","14765"
"Hansel Robles","Angels","28","1","65.1","2.48","1.04","2.88","-0.40","4.05","11.9 %","9.09","2.07","4.40",".284","82.0 %","7.0 %","0.90","11801"
"Justin Wilson","Mets","31","0","32.2","2.48","1.26","3.98","-1.50","3.67","12.8 %","9.92","3.58","2.77",".296","88.2 %","19.0 %","1.95","4301"
"Alex Colome","White Sox","30","0","54.0","2.50","1.00","3.94","-1.44","4.72","12.5 %","7.67","3.50","2.19",".197","70.8 %","9.3 %","1.24","6661"
"Brandon Kintzler","Cubs","34","0","54.0","2.50","0.98","3.60","-1.10","3.84","8.2 %","7.67","2.17","3.54",".243","81.6 %","12.8 %","2.15","9939"
"Zac Gallen","- - -","23","13","68.1","2.50","1.23","3.35","-0.84","4.14","13.0 %","10.80","4.21","2.56",".290","84.0 %","8.3 %","1.07","19291"
"Ryan Pressly","Astros","30","0","50.1","2.50","0.93","2.84","-0.33","2.32","17.3 %","11.62","1.97","5.91",".261","82.9 %","23.1 %","2.35","7005"
"Justin Verlander","Astros","36","30","200.0","2.52","0.77","3.35","-0.83","3.30","16.0 %","11.88","1.62","7.33",".204","89.6 %","15.6 %","0.75","8700"
"Tyler Clippard","Indians","34","2","56.2","2.54","0.81","3.30","-0.76","4.65","13.8 %","9.53","2.06","4.62",".211","80.4 %","7.0 %","0.66","5640"
"Rich Hill","Dodgers","39","10","53.0","2.55","1.11","4.16","-1.61","3.36","10.4 %","10.36","2.04","5.08",".280","89.4 %","22.7 %","1.50","4806"
"Tyler Duffey","Twins","28","0","49.1","2.55","1.09","3.23","-0.68","3.17","14.4 %","12.59","2.55","4.93",".284","75.8 %","15.9 %","1.00","13758"
"Max Scherzer","Nationals","34","24","154.2","2.56","1.00","2.32","0.24","2.91","16.7 %","12.57","1.75","7.20",".316","80.8 %","10.1 %","1.09","3137"
"Josh Hader","Brewers","25","0","66.0","2.59","0.79","3.06","-0.47","2.37","22.8 %","16.50","2.45","6.72",".219","92.4 %","21.0 %","0.39","14212"
"Mike Soroka","Braves","21","26","158.2","2.67","1.11","3.50","-0.84","3.86","10.0 %","7.15","2.04","3.50",".279","80.1 %","11.5 %","2.12","18383"
"Frankie Montas","Athletics","26","15","90.0","2.70","1.12","2.90","-0.20","3.42","11.5 %","9.70","2.10","4.62",".302","74.6 %","10.1 %","1.83","14309"
"Nick Wittgren","Indians","28","0","53.1","2.70","1.05","3.93","-1.23","3.99","8.9 %","9.11","2.36","3.86",".252","82.6 %","14.8 %","1.00","15594"
"Nick Goody","Indians","27","0","36.2","2.70","1.23","4.41","-1.71","4.89","16.2 %","10.80","4.42","2.44",".244","87.4 %","12.5 %","0.50","13685"
"Jacob deGrom","Mets","31","29","183.0","2.70","1.03","2.84","-0.14","3.21","15.5 %","11.36","2.11","5.37",".292","80.7 %","12.0 %","1.19","10954"
"Mike Clevinger","Indians","28","17","99.1","2.72","1.04","2.49","0.23","2.93","15.5 %","12.59","2.90","4.34",".300","80.0 %","10.8 %","1.26","12808"
"Gerrit Cole","Astros","28","29","184.1","2.73","0.92","2.80","-0.07","2.51","16.6 %","13.72","2.10","6.53",".275","81.8 %","18.1 %","1.05","13125"
"Amir Garrett","Reds","27","0","52.2","2.73","1.37","3.94","-1.20","3.70","15.9 %","12.65","5.64","2.24",".295","85.6 %","18.2 %","1.88","14375"
"Sonny Gray","Reds","29","28","157.1","2.75","1.10","3.37","-0.63","3.65","11.3 %","10.35","3.43","3.02",".261","80.8 %","12.5 %","1.64","12768"
"Yusmeiro Petit","Athletics","34","0","74.1","2.78","0.82","3.67","-0.89","4.65","11.4 %","7.26","0.97","7.50",".216","80.9 %","9.8 %","0.58","4020"
"Seth Lugo","Mets","29","0","71.0","2.79","0.92","2.78","0.01","3.40","11.4 %","11.54","2.03","5.69",".259","72.6 %","10.3 %","1.01","12447"
"Tony Gonsolin","Dodgers","25","6","32.0","2.81","1.03","3.68","-0.87","4.95","12.0 %","7.59","2.81","2.70",".222","72.9 %","7.5 %","0.95","19388"
"Daniel Hudson","- - -","32","1","63.0","2.86","1.21","4.29","-1.44","5.17","10.1 %","9.00","3.71","2.42",".251","79.9 %","10.0 %","0.81","7146"
"Reyes Moronta","Giants","26","0","56.2","2.86","1.31","3.57","-0.71","4.83","12.0 %","11.12","5.24","2.12",".272","81.2 %","6.5 %","0.84","14966"
"Oliver Perez","Indians","37","0","37.2","2.87","1.17","3.24","-0.37","3.71","12.6 %","10.75","2.39","4.50",".313","79.7 %","11.4 %","1.23","1514"
"Hunter Wood","- - -","25","2","40.2","2.88","1.33","4.20","-1.32","4.92","13.0 %","8.19","2.43","3.36",".303","79.4 %","11.1 %","0.74","15091"
"David Hale","Yankees","31","0","37.1","2.89","1.15","3.29","-0.40","4.57","7.9 %","5.30","1.45","3.67",".287","77.7 %","5.4 %","1.68","9756"
"Ryan Buchter","Athletics","32","0","40.1","2.90","1.46","4.53","-1.63","4.82","11.8 %","10.49","4.69","2.24",".317","89.4 %","13.3 %","0.58","9456"
"Josh Taylor","Red Sox","26","1","43.1","2.91","1.20","2.66","0.25","3.32","15.4 %","11.84","3.12","3.80",".333","78.3 %","8.8 %","1.38","17359"
"Jarlin Garcia","Marlins","26","0","43.1","2.91","1.06","3.79","-0.88","4.61","9.4 %","7.48","2.70","2.77",".244","80.2 %","9.1 %","1.34","18282"
"Yoan Lopez","Diamondbacks","26","0","55.1","2.93","1.10","4.86","-1.93","4.54","10.0 %","6.02","2.60","2.31",".224","80.6 %","18.0 %","1.50","17181"
"Hector Neris","Phillies","30","0","61.0","2.95","1.03","3.84","-0.89","3.52","17.9 %","11.80","3.10","3.81",".248","83.3 %","18.4 %","1.39","11804"
"Jack Flaherty","Cardinals","23","29","168.1","2.99","1.03","3.66","-0.67","3.80","13.2 %","10.48","2.62","4.00",".253","82.5 %","14.2 %","0.98","17479"
"Zack Greinke","- - -","35","30","189.1","2.99","1.00","3.35","-0.35","3.85","10.1 %","7.94","1.38","5.76",".270","75.8 %","11.2 %","1.31","1943"
"Will Smith","Giants","29","0","60.0","3.00","1.05","3.43","-0.43","2.76","15.1 %","13.05","2.85","4.58",".281","87.8 %","22.2 %","1.22","8048"
"Roberto Osuna","Astros","24","0","57.0","3.00","0.89","3.55","-0.55","3.89","16.3 %","9.79","1.74","5.64",".227","79.0 %","12.9 %","0.85","13764"
"Kyle Ryan","Cubs","27","0","54.0","3.00","1.26","3.20","-0.20","3.80","10.2 %","8.83","3.50","2.52",".297","75.6 %","8.3 %","2.39","11753"
"Luke Weaver","Diamondbacks","25","11","62.1","3.03","1.11","3.10","-0.07","3.86","10.6 %","9.82","2.02","4.86",".301","78.6 %","9.5 %","1.08","16918"
"Steve Cishek","Cubs","33","0","59.1","3.03","1.10","4.28","-1.24","4.59","9.9 %","8.49","3.19","2.67",".245","82.0 %","12.7 %","1.38","6483"
"Clayton Kershaw","Dodgers","31","25","159.0","3.06","1.05","3.74","-0.69","3.47","12.7 %","9.68","2.04","4.75",".270","82.7 %","17.8 %","1.46","2036"
"Evan Marshall","White Sox","29","0","41.0","3.07","1.32","4.48","-1.41","4.64","11.9 %","7.02","3.73","1.88",".274","80.9 %","13.9 %","1.64","12297"
"Carlos Martinez","Cardinals","27","0","41.0","3.07","1.17","2.97","0.10","3.65","13.0 %","9.88","3.29","3.00",".298","74.7 %","7.4 %","2.30","11682"
"Mike Minor","Rangers","31","29","189.2","3.08","1.18","3.90","-0.82","4.51","11.3 %","8.68","2.80","3.10",".281","81.9 %","11.1 %","1.00","10021"
"Trevor May","Twins","29","0","55.1","3.09","1.12","3.63","-0.54","4.27","13.3 %","11.06","3.90","2.83",".244","76.0 %","10.5 %","0.82","6398"
"Tommy Kahnle","Yankees","29","0","55.1","3.09","1.01","3.09","0.00","2.47","18.1 %","13.17","2.60","5.06",".276","78.6 %","22.9 %","1.80","11384"
"Justin Shafer","Blue Jays","26","0","32.0","3.09","1.69","4.96","-1.87","5.64","11.5 %","8.72","6.19","1.41",".311","86.8 %","10.8 %","0.81","16132"
"Charlie Morton","Rays","35","30","176.1","3.11","1.10","2.76","0.35","3.34","12.7 %","11.18","2.65","4.21",".304","74.4 %","9.6 %","1.51","4676"
"Nick Anderson","- - -","28","0","57.2","3.12","1.08","2.12","1.00","2.60","18.7 %","14.98","2.50","6.00",".351","78.8 %","11.3 %","0.58","18337"
"Michael Lorenzen","Reds","27","0","74.2","3.13","1.23","3.87","-0.74","4.04","13.7 %","9.16","3.25","2.81",".279","80.9 %","13.8 %","1.42","14843"
"Sean Newcomb","Braves","26","4","63.0","3.14","1.32","4.50","-1.36","4.84","8.7 %","8.29","4.00","2.07",".270","80.2 %","12.7 %","1.37","16943"
"Patrick Corbin","Nationals","29","29","179.2","3.16","1.14","3.38","-0.22","3.63","14.1 %","10.52","3.01","3.50",".284","77.2 %","13.0 %","1.42","9323"
"John Gant","Cardinals","26","0","62.2","3.16","1.18","3.69","-0.53","4.32","12.0 %","7.61","4.02","1.89",".258","73.1 %","8.7 %","1.70","13684"
"Shane Bieber","Indians","24","30","195.2","3.17","1.00","3.22","-0.05","3.18","14.1 %","11.09","1.75","6.34",".282","77.3 %","15.7 %","1.25","19427"
"Luis Castillo","Reds","26","29","173.2","3.21","1.13","3.63","-0.42","3.40","15.7 %","10.78","3.58","3.01",".264","78.3 %","18.0 %","2.09","15689"
"Cam Bedrosian","Angels","27","7","61.1","3.23","1.14","3.83","-0.61","4.17","12.0 %","9.39","3.23","2.91",".253","68.0 %","12.5 %","1.43","13360"
"John Brebbia","Cardinals","29","0","66.1","3.26","1.09","2.94","0.31","4.45","13.9 %","10.72","2.98","3.59",".278","72.1 %","6.0 %","0.55","12777"
"Adam Kolarek","- - -","30","0","52.1","3.27","1.18","4.19","-0.92","3.80","11.2 %","7.22","2.75","2.63",".265","79.5 %","20.7 %","3.52","10843"
"Pedro Baez","Dodgers","31","0","63.1","3.27","0.96","3.29","-0.02","4.66","15.3 %","9.38","2.98","3.14",".223","61.4 %","6.6 %","0.72","5420"
"Lucas Giolito","White Sox","24","28","170.2","3.27","1.07","3.41","-0.14","3.74","15.1 %","11.39","2.95","3.86",".272","78.6 %","12.8 %","0.85","15474"
"Walker Buehler","Dodgers","24","26","159.1","3.28","1.04","2.96","0.32","3.30","12.0 %","10.73","1.58","6.79",".297","70.2 %","12.4 %","1.21","19374"
"Julio Teheran","Braves","28","30","163.1","3.31","1.29","4.30","-0.99","5.11","9.6 %","8.49","4.24","2.00",".268","78.7 %","9.6 %","0.97","6797"
"Sam Dyson","- - -","31","0","62.1","3.32","1.06","3.47","-0.15","3.75","8.6 %","7.94","1.88","4.23",".273","71.0 %","12.5 %","1.90","11710"
"Kyle Hendricks","Cubs","29","27","159.2","3.33","1.11","3.78","-0.45","4.30","10.3 %","7.72","1.75","4.42",".278","74.7 %","11.4 %","1.16","12049"
"Wade Miley","Astros","32","29","156.0","3.35","1.26","4.46","-1.12","4.42","9.6 %","7.73","3.17","2.44",".269","78.6 %","15.7 %","1.65","8779"
"Jose Alvarez","Phillies","30","1","53.2","3.35","1.42","4.05","-0.70","4.27","11.2 %","7.04","2.68","2.63",".327","80.2 %","13.3 %","1.84","5358"
"Brad Hand","Indians","29","0","56.1","3.36","1.26","2.89","0.46","3.52","13.0 %","12.94","2.88","4.50",".362","81.1 %","10.5 %","0.63","9111"
"Alex Young","Diamondbacks","25","12","66.2","3.38","1.05","4.17","-0.80","4.42","12.6 %","7.83","2.57","3.05",".233","77.4 %","13.4 %","1.31","18333"
"Marcus Walden","Red Sox","30","0","72.0","3.38","1.11","3.69","-0.31","4.07","13.1 %","8.75","3.50","2.50",".246","68.8 %","11.3 %","2.00","8004"
"Dakota Hudson","Cardinals","24","28","153.2","3.40","1.41","4.94","-1.54","4.49","9.9 %","6.79","4.10","1.66",".279","77.2 %","20.8 %","2.77","19206"
"Ross Stripling","Dodgers","29","13","81.2","3.42","1.14","3.78","-0.36","3.76","10.3 %","8.82","2.09","4.21",".285","74.1 %","15.5 %","1.63","13273"
"Marcus Stroman","- - -","28","28","160.1","3.42","1.34","3.81","-0.39","4.04","10.3 %","7.63","2.75","2.78",".314","74.8 %","13.2 %","2.01","13431"
"Austin Brice","Marlins","27","0","44.2","3.43","1.23","4.87","-1.45","4.79","11.3 %","9.27","3.63","2.56",".248","78.5 %","15.9 %","1.23","17237"
"Luis Perdomo","Padres","26","1","63.0","3.43","1.17","3.42","0.01","4.00","9.1 %","7.14","2.00","3.57",".299","73.9 %","9.8 %","1.92","14682"
"Ian Kennedy","Royals","34","0","57.1","3.45","1.29","2.88","0.57","3.76","9.8 %","10.36","2.35","4.40",".348","77.9 %","8.6 %","1.22","6986"
"Dallas Keuchel","Braves","31","15","90.2","3.47","1.32","4.52","-1.04","3.89","8.8 %","7.25","2.88","2.52",".298","81.7 %","24.0 %","3.32","9434"
"Ryan Yarbrough","Rays","27","10","121.1","3.49","0.90","3.21","0.28","4.01","10.3 %","7.57","1.04","7.29",".249","64.3 %","9.1 %","1.22","16502"
"Yimi Garcia","Dodgers","28","0","59.1","3.49","0.83","5.25","-1.76","4.85","12.0 %","9.71","1.97","4.92",".156","84.9 %","17.4 %","0.51","12095"
"Craig Stammen","Padres","35","0","74.2","3.50","1.21","4.18","-0.68","3.88","9.4 %","7.96","1.69","4.71",".294","75.8 %","17.9 %","1.73","7274"
"Stephen Strasburg","Nationals","30","29","185.0","3.50","1.05","3.20","0.30","3.19","14.1 %","10.80","2.29","4.72",".281","74.3 %","15.4 %","1.71","10131"
"John Means","Orioles","26","23","131.0","3.50","1.13","4.37","-0.87","5.51","9.8 %","7.08","2.20","3.22",".255","76.0 %","9.5 %","0.63","16269"
"Ranger Suarez","Phillies","23","0","41.0","3.51","1.32","4.07","-0.56","3.52","9.8 %","8.34","2.20","3.80",".322","81.6 %","21.4 %","2.25","17277"
"Francisco Liriano","Pirates","35","0","64.0","3.52","1.39","4.64","-1.12","5.03","13.6 %","8.30","4.50","1.84",".280","76.7 %","12.3 %","1.28","3201"
"Chris Paddack","Padres","23","24","129.2","3.54","1.02","4.12","-0.58","4.14","10.9 %","9.51","2.01","4.72",".242","75.6 %","15.2 %","0.99","20099"
"Ryne Harper","Twins","30","0","50.2","3.55","1.13","3.49","0.06","4.19","11.6 %","8.35","1.60","5.22",".290","72.6 %","10.5 %","0.93","12680"
"Adrian Houser","Brewers","26","14","95.1","3.59","1.29","3.97","-0.38","3.67","9.8 %","9.35","3.12","3.00",".311","78.2 %","18.8 %","2.19","12718"
"Diego Castillo","Rays","25","6","60.0","3.60","1.28","3.71","-0.11","3.69","13.2 %","10.65","3.45","3.09",".311","71.6 %","15.6 %","1.98","17496"
"Hector Rondon","Astros","31","1","55.0","3.60","1.25","4.78","-1.18","4.91","9.9 %","6.87","3.11","2.21",".261","82.2 %","14.3 %","1.54","2391"
"Jake Odorizzi","Twins","29","28","147.1","3.60","1.23","3.55","0.06","4.45","12.5 %","9.90","3.12","3.18",".299","75.7 %","9.4 %","0.78","6397"
"Sergio Romo","- - -","36","0","54.2","3.62","1.13","3.71","-0.09","4.83","14.0 %","8.40","2.47","3.40",".268","68.4 %","8.6 %","0.84","9817"
"Yonny Chirinos","Rays","25","17","126.2","3.62","1.06","4.16","-0.54","4.05","10.7 %","7.82","1.99","3.93",".253","74.3 %","16.2 %","1.35","16401"
"Chris Bassitt","Athletics","30","24","136.0","3.64","1.20","4.37","-0.73","4.67","8.9 %","8.54","2.91","2.93",".269","78.2 %","13.1 %","1.10","12304"
"Jeff Samardzija","Giants","34","29","163.0","3.64","1.10","4.58","-0.94","4.94","9.1 %","7.23","2.37","3.05",".241","75.5 %","13.1 %","0.87","3254"
"Chris Martin","- - -","33","0","51.1","3.68","1.07","3.53","0.16","2.84","12.0 %","10.17","0.88","11.60",".315","75.5 %","22.0 %","1.71","11847"
"Zach Davies","Brewers","26","27","141.1","3.69","1.34","4.78","-1.09","5.21","7.4 %","5.79","2.93","1.98",".281","76.2 %","12.4 %","1.09","13183"
"Junior Guerra","Brewers","34","0","75.1","3.70","1.12","4.59","-0.89","4.88","11.0 %","8.36","4.06","2.06",".207","74.3 %","13.2 %","1.14","5702"
"Aaron Nola","Phillies","26","31","184.2","3.70","1.24","3.98","-0.27","3.83","10.6 %","10.09","3.46","2.92",".291","77.4 %","16.8 %","1.67","16149"
"Alex Claudio","Brewers","27","0","58.0","3.72","1.28","4.75","-1.02","4.55","10.9 %","6.67","3.41","1.95",".265","78.4 %","17.5 %","2.48","12890"
"Eduardo Rodriguez","Red Sox","26","30","178.2","3.73","1.34","4.13","-0.40","4.24","11.3 %","8.92","3.38","2.64",".311","79.5 %","14.4 %","1.52","13164"
"Michael Feliz","Pirates","26","1","50.2","3.73","1.18","4.02","-0.29","3.93","12.6 %","11.72","3.73","3.14",".270","78.7 %","16.0 %","0.88","11903"
"Brandon Woodruff","Brewers","26","20","117.2","3.75","1.17","3.10","0.65","3.46","11.6 %","10.40","2.22","4.69",".326","74.5 %","12.0 %","1.34","16162"
"Anthony Bass","Mariners","31","0","40.2","3.76","1.08","4.25","-0.48","4.02","10.4 %","8.19","3.54","2.31",".221","71.1 %","17.9 %","1.96","7982"
"Madison Bumgarner","Giants","29","31","188.2","3.77","1.12","3.80","-0.03","4.28","11.2 %","8.78","1.86","4.72",".287","71.7 %","12.1 %","0.87","5524"
"Jose Berrios","Twins","25","28","174.0","3.78","1.25","3.98","-0.20","4.40","10.7 %","8.74","2.33","3.76",".303","73.3 %","12.4 %","1.10","14168"
"Kolby Allard","Rangers","21","6","33.1","3.78","1.38","2.94","0.84","4.23","8.5 %","7.83","2.97","2.64",".330","70.2 %","3.6 %","1.68","18694"
"Kenley Jansen","Dodgers","31","0","54.2","3.79","1.10","3.69","0.10","3.70","16.0 %","11.69","2.30","5.07",".280","75.4 %","15.3 %","0.76","3096"
"Lance Lynn","Rangers","32","29","181.2","3.81","1.26","3.12","0.69","3.91","12.2 %","10.35","2.63","3.94",".327","72.9 %","9.3 %","1.11","2520"
"Joe Biagini","- - -","29","0","63.2","3.82","1.40","4.74","-0.92","3.99","11.7 %","8.34","3.25","2.57",".314","83.1 %","22.9 %","1.79","13194"
"Luis Cessa","Yankees","27","0","73.0","3.82","1.25","4.54","-0.72","4.34","12.6 %","8.63","3.08","2.80",".276","77.4 %","16.9 %","1.37","13345"
"Joey Lucchesi","Padres","26","27","150.0","3.84","1.19","4.03","-0.19","4.35","10.4 %","8.58","3.12","2.75",".264","74.3 %","12.8 %","1.33","19320"
"Jon Gray","Rockies","27","25","150.0","3.84","1.35","4.06","-0.22","3.89","11.8 %","9.00","3.36","2.68",".314","75.9 %","17.1 %","1.90","14916"
"Tanner Roark","- - -","32","27","147.0","3.86","1.35","4.16","-0.30","4.52","8.3 %","8.63","2.82","3.07",".318","78.0 %","12.6 %","1.08","8753"
"Max Fried","Braves","25","27","149.1","3.86","1.32","3.51","0.35","3.27","11.4 %","9.58","2.53","3.79",".337","74.1 %","18.3 %","2.41","13743"
"Tim Hill","Royals","29","0","30.1","3.86","1.22","4.80","-0.94","4.39","8.3 %","7.71","3.56","2.17",".266","76.3 %","20.0 %","2.50","16814"
"Richard Rodriguez","Pirates","29","0","58.0","3.88","1.36","5.44","-1.56","5.06","10.5 %","8.22","3.10","2.65",".279","84.4 %","17.6 %","1.04","13549"
"Anthony Swarzak","- - -","33","0","46.1","3.88","1.42","5.85","-1.96","4.65","12.1 %","8.74","4.47","1.96",".262","85.0 %","25.0 %","1.39","7466"
"Oliver Drake","Rays","32","0","44.0","3.89","1.14","4.33","-0.44","3.41","14.3 %","10.84","3.27","3.31",".260","80.4 %","25.0 %","1.75","8823"
"Tyler Kinley","Marlins","28","0","44.0","3.89","1.61","5.12","-1.24","5.95","12.7 %","8.18","6.55","1.25",".286","81.5 %","9.8 %","0.88","18297"
"Archie Bradley","Diamondbacks","26","1","64.2","3.90","1.53","3.55","0.34","4.18","9.8 %","11.13","4.87","2.29",".349","76.0 %","9.4 %","1.47","12918"
"Robert Stephenson","Reds","26","0","57.2","3.90","1.08","3.58","0.32","3.85","19.1 %","11.86","3.59","3.30",".240","66.9 %","13.3 %","0.77","13594"
"Daniel Ponce de Leon","Cardinals","27","8","45.2","3.94","1.25","4.42","-0.48","4.58","10.8 %","9.66","4.53","2.13",".255","75.1 %","14.0 %","1.23","16110"
"Cole Hamels","Cubs","35","24","130.0","3.95","1.38","4.09","-0.14","4.36","11.6 %","8.65","3.25","2.66",".314","76.1 %","13.1 %","1.48","4972"
"Dinelson Lamet","Padres","26","11","57.0","3.95","1.26","3.86","0.08","3.82","13.5 %","11.68","3.63","3.22",".299","71.0 %","15.7 %","1.02","17186"
"Mychal Givens","Orioles","29","0","54.2","3.95","1.10","4.07","-0.12","3.44","16.3 %","12.51","3.46","3.62",".259","75.0 %","20.8 %","0.98","10430"
"Dylan Floro","Dodgers","28","0","41.0","3.95","1.29","3.63","0.32","4.28","12.2 %","7.68","3.07","2.50",".293","66.9 %","9.1 %","1.94","13394"
"Tanner Rainey","Nationals","26","0","38.2","3.96","1.50","4.69","-0.73","4.24","16.7 %","13.50","7.68","1.76",".267","79.6 %","20.8 %","1.67","17610"
"James Paxton","Yankees","30","26","138.2","3.96","1.31","3.92","0.04","3.94","14.4 %","11.36","3.44","3.30",".320","76.2 %","15.2 %","0.94","11828"
"Roenis Elias","- - -","30","0","50.0","3.96","1.28","5.07","-1.11","4.78","11.6 %","8.46","3.24","2.61",".257","64.7 %","17.2 %","0.88","12673"
"Andrew Chafin","Diamondbacks","29","0","50.0","3.96","1.34","3.41","0.55","3.33","15.1 %","11.52","3.24","3.56",".347","77.6 %","16.2 %","1.43","12988"
"Chaz Roe","Rays","32","0","47.2","3.97","1.55","3.36","0.60","4.30","9.8 %","11.52","5.48","2.10",".353","72.0 %","7.1 %","1.31","9866"
"Mike Fiers","Athletics","34","30","170.0","3.97","1.22","5.11","-1.14","5.27","7.8 %","6.14","2.65","2.32",".258","79.3 %","14.3 %","1.01","7754"
"Luke Jackson","Braves","27","0","65.2","3.97","1.45","3.61","0.36","2.72","15.6 %","12.47","3.43","3.64",".377","78.1 %","27.8 %","2.78","11752"
"Zach Plesac","Indians","24","18","97.1","3.98","1.25","5.27","-1.29","5.13","9.3 %","6.84","3.24","2.11",".254","79.2 %","16.2 %","1.02","19979"
"Gio Gonzalez","Brewers","33","15","72.1","3.98","1.33","4.50","-0.52","4.78","10.5 %","7.84","4.23","1.85",".268","74.3 %","13.0 %","1.20","7448"
"Josh Tomlin","Braves","34","0","72.1","3.98","1.11","4.75","-0.77","5.01","9.5 %","5.72","0.87","6.57",".265","76.2 %","13.9 %","0.77","9388"
"Mark Melancon","- - -","34","0","61.0","3.98","1.38","2.95","1.03","3.01","10.4 %","9.44","2.66","3.56",".363","72.1 %","14.3 %","3.89","4264"
"Carlos Estevez","Rockies","26","0","65.1","3.99","1.35","4.18","-0.18","4.37","14.1 %","10.06","2.89","3.48",".315","76.1 %","14.1 %","0.91","14542"
"Jose Quintana","Cubs","30","27","157.1","4.00","1.28","3.82","0.19","4.18","8.7 %","8.12","2.46","3.30",".302","71.4 %","12.4 %","1.37","11423"
"Steven Matz","Mets","28","26","139.1","4.00","1.32","4.48","-0.47","4.27","9.3 %","8.53","2.71","3.14",".301","75.9 %","16.9 %","1.40","13361"
"Michael Pineda","Twins","30","26","146.0","4.01","1.16","4.02","-0.02","4.31","12.5 %","8.63","1.73","5.00",".292","74.8 %","13.5 %","0.89","5372"
"Cory Gearrin","- - -","33","2","49.1","4.01","1.44","4.13","-0.11","4.81","8.4 %","8.03","4.20","1.91",".314","76.4 %","9.3 %","1.51","7947"
"Tyler Webb","Cardinals","28","0","47.0","4.02","1.09","4.38","-0.36","4.80","9.8 %","8.23","3.64","2.26",".213","71.8 %","12.2 %","1.04","14974"
"Tyler Chatwood","Cubs","29","5","69.1","4.02","1.41","4.58","-0.56","4.20","8.8 %","8.57","4.67","1.83",".293","77.3 %","20.5 %","2.46","4338"
"Robbie Ray","Diamondbacks","27","29","156.1","4.03","1.32","4.10","-0.07","3.72","13.3 %","11.92","4.20","2.84",".303","75.9 %","18.8 %","1.06","11486"
"Sandy Alcantara","Marlins","23","28","171.2","4.04","1.32","4.61","-0.58","5.31","10.9 %","6.87","4.09","1.68",".265","71.8 %","10.3 %","1.22","18684"
"Devin Smeltzer","Twins","23","4","40.0","4.05","1.23","4.96","-0.91","4.65","8.4 %","7.20","2.25","3.20",".282","82.0 %","17.4 %","1.00","19487"
"Anthony DeSclafani","Reds","29","28","148.2","4.06","1.25","4.65","-0.60","4.44","10.4 %","9.08","2.85","3.19",".279","79.4 %","16.8 %","1.02","13050"
"Ty Buttrey","Angels","26","0","64.1","4.06","1.29","3.49","0.56","4.00","11.8 %","10.77","3.08","3.50",".321","72.9 %","11.3 %","1.24","14719"
"Brad Peacock","Astros","31","15","88.2","4.06","1.18","4.30","-0.24","4.56","8.8 %","9.54","2.94","3.24",".272","76.3 %","13.6 %","0.89","5401"
"Heath Hembree","Red Sox","30","0","37.2","4.06","1.38","4.91","-0.85","5.72","12.0 %","10.75","4.30","2.50",".287","77.4 %","11.5 %","0.36","11632"
"Noah Syndergaard","Mets","26","28","175.0","4.06","1.19","3.47","0.59","3.89","12.7 %","9.05","2.26","4.00",".304","68.3 %","11.8 %","1.46","11762"
"Kenta Maeda","Dodgers","31","26","146.0","4.07","1.08","3.94","0.13","4.02","14.5 %","9.86","2.90","3.40",".246","71.4 %","14.7 %","1.07","18498"
"Shawn Kelley","Rangers","35","0","42.0","4.07","1.29","4.71","-0.64","4.53","11.2 %","8.36","1.50","5.57",".317","82.6 %","16.4 %","0.67","7773"
"Brett Anderson","Athletics","31","28","161.0","4.08","1.31","4.66","-0.57","4.83","7.8 %","4.53","2.52","1.80",".276","73.3 %","13.8 %","2.14","8223"
"Sean Doolittle","Nationals","32","0","55.0","4.09","1.36","4.23","-0.14","5.05","12.0 %","9.98","2.29","4.36",".329","82.5 %","11.4 %","0.49","1581"
"Jameson Taillon","Pirates","27","7","37.1","4.10","1.13","3.80","0.29","4.06","11.9 %","7.23","1.93","3.75",".263","52.1 %","12.9 %","1.84","11674"
"Caleb Smith","Marlins","27","24","133.2","4.11","1.13","4.82","-0.71","4.62","13.5 %","10.50","3.30","3.18",".237","77.9 %","16.5 %","0.54","14875"
"Anibal Sanchez","Nationals","35","26","140.0","4.11","1.35","4.54","-0.42","5.10","10.4 %","7.59","3.54","2.15",".275","74.4 %","11.6 %","0.99","3284"
"Yu Darvish","Cubs","32","28","157.1","4.12","1.13","4.58","-0.46","3.70","12.9 %","10.87","3.03","3.58",".257","78.3 %","23.3 %","1.35","13074"
"Mike Morin","- - -","28","0","43.2","4.12","1.10","4.38","-0.26","5.31","11.5 %","4.53","1.44","3.14",".250","63.6 %","9.4 %","1.08","13442"
"Steven Brault","Pirates","27","16","100.1","4.13","1.41","4.37","-0.24","5.12","9.1 %","7.36","3.86","1.91",".295","73.9 %","9.7 %","1.29","15291"
"Jose Leclerc","Rangers","25","3","60.2","4.15","1.32","3.54","0.61","4.16","13.2 %","13.20","5.19","2.54",".302","73.1 %","10.3 %","0.78","14524"
"Adam Wainwright","Cardinals","37","27","149.1","4.16","1.40","4.23","-0.07","4.42","7.3 %","8.08","3.50","2.31",".313","75.6 %","13.5 %","1.72","2233"
"Andrew Kittredge","Rays","29","6","41.0","4.17","1.34","3.70","0.47","3.30","16.0 %","10.32","2.41","4.27",".345","73.5 %","19.4 %","1.87","12828"
"Trevor Richards","- - -","26","23","131.1","4.18","1.35","4.58","-0.40","5.11","11.9 %","8.50","3.77","2.25",".287","77.2 %","11.9 %","0.81","19309"
"Brad Keller","Royals","23","28","165.1","4.19","1.35","4.35","-0.16","4.94","8.3 %","6.64","3.81","1.74",".282","72.2 %","10.2 %","1.72","15734"
"Erick Fedde","Nationals","26","12","73.0","4.19","1.47","5.43","-1.24","5.19","7.3 %","4.93","3.82","1.29",".284","80.1 %","17.5 %","1.90","17425"
"Domingo German","Yankees","26","24","136.2","4.21","1.16","4.83","-0.62","4.19","13.0 %","9.61","2.44","3.95",".261","77.7 %","19.7 %","0.95","17149"
"Matt Barnes","Red Sox","29","0","55.1","4.23","1.32","3.25","0.98","2.63","14.8 %","15.61","4.55","3.43",".343","75.2 %","22.9 %","1.51","12863"
"Miles Mikolas","Cardinals","30","29","165.1","4.25","1.22","4.15","0.10","4.11","9.8 %","7.13","1.58","4.52",".302","72.2 %","15.6 %","1.68","9803"
"Sean Reid-Foley","Blue Jays","23","6","31.2","4.26","1.71","5.68","-1.41","6.26","9.8 %","7.96","5.97","1.33",".298","73.5 %","11.9 %","1.00","17034"
"Buck Farmer","Tigers","28","1","59.0","4.27","1.37","4.04","0.23","3.97","12.7 %","10.37","3.51","2.96",".325","71.8 %","16.0 %","1.48","14814"
"Jairo Diaz","Rockies","28","0","46.1","4.27","1.25","3.84","0.43","3.85","14.5 %","10.68","2.72","3.93",".308","65.7 %","15.2 %","1.33","12774"
"Jason Vargas","- - -","36","25","132.2","4.27","1.30","4.68","-0.40","5.43","9.7 %","7.06","3.53","2.00",".266","73.1 %","10.7 %","0.89","8044"
"David Price","Red Sox","33","22","107.1","4.28","1.31","3.62","0.65","3.74","11.2 %","10.73","2.68","4.00",".336","70.7 %","14.4 %","1.15","3184"
"Blake Snell","Rays","26","20","101.0","4.28","1.25","3.39","0.88","3.25","17.8 %","12.12","3.12","3.89",".339","71.7 %","16.7 %","1.15","13543"
"Nick Ramirez","Tigers","29","0","71.1","4.29","1.39","4.70","-0.41","4.76","12.5 %","8.20","3.79","2.17",".283","68.6 %","14.9 %","1.34","12575"
"Tyler Skaggs","Angels","27","15","79.2","4.29","1.27","3.85","0.44","4.36","9.2 %","8.81","3.16","2.79",".294","68.6 %","11.4 %","1.05","10190"
"Noe Ramirez","Angels","29","6","58.2","4.30","1.26","4.08","0.21","4.23","13.4 %","10.59","2.91","3.63",".313","76.8 %","14.3 %","0.94","12800"
"Andrew Heaney","Angels","28","15","81.2","4.30","1.19","4.13","0.17","4.15","14.1 %","11.02","2.76","4.00",".294","75.5 %","15.2 %","0.76","15423"
"Ryne Stanek","- - -","27","27","67.0","4.30","1.33","4.41","-0.11","4.90","14.8 %","9.81","4.30","2.28",".273","69.3 %","12.2 %","0.71","15947"
"Adam Cimber","Indians","28","0","52.1","4.30","1.30","4.38","-0.08","4.54","9.3 %","6.02","3.10","1.94",".276","70.8 %","13.5 %","2.57","15288"
"Andrew Miller","Cardinals","34","0","46.0","4.30","1.35","5.41","-1.11","4.27","13.2 %","11.93","4.89","2.44",".281","77.8 %","25.6 %","1.05","6785"
"Zach Eflin","Phillies","25","24","140.0","4.31","1.34","4.67","-0.36","4.71","9.1 %","7.20","2.38","3.03",".299","72.8 %","15.0 %","1.24","13774"
"Luis Garcia","Angels","32","2","56.1","4.31","1.53","5.98","-1.67","5.09","12.5 %","8.15","4.95","1.65",".279","80.3 %","22.6 %","1.49","6984"
"Jalen Beeks","Rays","25","3","100.0","4.32","1.47","4.46","-0.14","4.85","9.8 %","7.47","3.33","2.24",".326","74.5 %","12.2 %","1.40","17192"
"Raisel Iglesias","Reds","29","0","60.1","4.33","1.29","4.08","0.25","3.82","15.7 %","11.93","3.13","3.81",".326","79.0 %","17.2 %","0.69","17130"
"Zack Wheeler","Mets","29","27","166.1","4.33","1.31","3.68","0.65","4.11","10.1 %","8.82","2.54","3.47",".313","69.6 %","12.0 %","1.31","10310"
"Ryan Weber","Red Sox","28","3","35.1","4.33","1.27","3.81","0.52","4.62","5.9 %","6.11","1.78","3.43",".302","68.5 %","8.8 %","1.74","10160"
"Tony Watson","Giants","34","0","54.0","4.33","1.28","4.81","-0.47","4.89","12.8 %","6.83","2.00","3.42",".293","78.2 %","14.8 %","1.23","3132"
"Marco Gonzales","Mariners","27","30","175.0","4.37","1.37","4.18","0.19","5.16","7.8 %","6.58","2.52","2.61",".307","66.5 %","9.2 %","1.06","15467"
"Wilmer Font","- - -","29","13","72.0","4.38","1.31","4.33","0.05","4.56","11.6 %","10.00","3.13","3.20",".308","77.3 %","13.8 %","0.84","5257"
"Jordan Lyles","- - -","28","25","125.1","4.38","1.35","4.69","-0.31","4.68","9.5 %","9.12","3.59","2.54",".290","74.0 %","15.4 %","0.98","7593"
"Jake McGee","Rockies","32","0","39.0","4.38","1.41","5.83","-1.44","5.35","8.2 %","7.38","2.31","3.20",".304","76.7 %","17.9 %","0.77","7550"
"Miguel Castro","Orioles","24","0","67.2","4.39","1.42","4.82","-0.44","4.92","11.6 %","8.11","5.05","1.61",".265","71.9 %","14.5 %","1.60","15684"
"Chris Sale","Red Sox","30","25","147.1","4.40","1.09","3.39","1.01","2.93","14.2 %","13.32","2.26","5.89",".309","66.7 %","19.5 %","1.19","10603"
"Matt Magill","- - -","29","0","45.0","4.40","1.42","3.81","0.59","4.07","13.8 %","11.40","3.80","3.00",".322","62.5 %","13.3 %","1.02","3950"
"Tyler Olson","Indians","29","0","30.2","4.40","1.63","4.42","-0.02","5.29","10.7 %","8.22","4.70","1.75",".341","77.4 %","9.1 %","1.27","14741"
"Eric Lauer","Padres","24","26","136.2","4.41","1.38","4.27","0.14","4.70","7.8 %","7.84","2.70","2.90",".316","72.6 %","12.3 %","1.13","19316"
"Jared Hughes","- - -","33","0","59.0","4.42","1.24","5.52","-1.10","4.34","8.9 %","6.25","3.51","1.78",".236","68.8 %","29.7 %","2.81","9325"
"Austin Pruitt","Rays","29","2","42.2","4.43","1.24","4.32","0.11","3.77","11.9 %","7.80","2.11","3.70",".300","74.1 %","20.6 %","1.88","15290"
"Wander Suero","Nationals","27","0","65.0","4.43","1.22","3.04","1.39","3.73","13.7 %","10.25","2.91","3.52",".325","66.7 %","9.1 %","1.24","15855"
"Adam Plutko","Indians","27","16","93.1","4.44","1.21","5.36","-0.92","5.51","8.5 %","6.08","1.83","3.32",".263","77.3 %","14.5 %","0.70","15846"
"Trevor Gott","Giants","26","0","52.2","4.44","1.10","3.12","1.32","4.06","10.8 %","9.74","2.91","3.35",".276","62.5 %","7.8 %","1.16","15046"
"Dillon Peters","Angels","26","8","56.2","4.45","1.43","5.30","-0.85","5.06","9.2 %","7.46","2.86","2.61",".306","72.2 %","16.9 %","1.14","18790"
"Blaine Hardy","Tigers","32","0","44.1","4.47","1.15","5.72","-1.25","4.99","10.2 %","5.89","2.64","2.23",".215","73.0 %","20.4 %","1.35","6499"
"Joe Kelly","Dodgers","31","0","48.1","4.47","1.39","3.86","0.61","3.23","10.0 %","10.80","3.91","2.76",".320","66.0 %","25.0 %","3.25","9761"
"Colten Brewer","Red Sox","26","0","50.0","4.50","1.78","5.07","-0.57","5.23","10.7 %","8.10","5.94","1.36",".333","78.7 %","14.0 %","1.74","12997"
"Jon Lester","Cubs","35","28","155.2","4.51","1.46","4.34","0.16","4.32","9.1 %","8.90","2.78","3.21",".338","71.7 %","15.5 %","1.25","4930"
"Masahiro Tanaka","Yankees","30","29","167.0","4.53","1.25","4.36","0.17","4.32","10.5 %","7.28","2.10","3.46",".291","70.5 %","15.6 %","1.49","15764"
"Greg Holland","Diamondbacks","33","0","35.2","4.54","1.37","4.76","-0.21","4.78","12.0 %","10.35","6.06","1.71",".244","73.8 %","15.2 %","1.18","7196"
"Jacob Waguespack","Blue Jays","25","10","63.1","4.55","1.31","4.87","-0.32","5.22","9.2 %","6.82","3.27","2.09",".270","67.6 %","12.9 %","1.20","18318"
"Joshua James","Astros","26","1","55.1","4.55","1.30","4.03","0.53","3.75","16.4 %","14.64","5.37","2.73",".294","72.1 %","17.6 %","0.78","16794"
"Sam Gaviglio","Blue Jays","29","0","88.2","4.57","1.09","4.62","-0.06","4.24","11.7 %","8.22","1.83","4.50",".257","71.2 %","18.1 %","1.28","12778"
"Colin Poche","Rays","25","0","43.1","4.57","0.95","3.95","0.62","4.08","18.5 %","13.08","2.91","4.50",".232","68.1 %","14.5 %","0.31","19403"
"Matthew Boyd","Tigers","28","29","171.1","4.57","1.19","4.21","0.36","3.71","14.1 %","11.82","2.26","5.23",".306","75.5 %","18.8 %","0.79","15440"
"Chase Anderson","Brewers","31","23","120.0","4.58","1.31","4.93","-0.36","5.18","11.1 %","8.25","3.23","2.56",".278","75.2 %","13.8 %","0.84","6895"
"Felix Pena","Angels","29","7","96.1","4.58","1.18","4.52","0.06","4.28","12.7 %","9.44","3.18","2.97",".256","65.6 %","17.2 %","1.20","13403"
"Kyle Gibson","Twins","31","27","149.1","4.58","1.35","4.04","0.54","3.76","13.3 %","8.80","2.71","3.24",".320","67.4 %","18.3 %","2.08","10123"
"Griffin Canning","Angels","23","17","90.1","4.58","1.22","4.37","0.22","4.75","13.8 %","9.56","2.99","3.20",".280","73.2 %","12.8 %","0.84","19867"
"Blake Parker","- - -","34","0","53.0","4.58","1.26","4.99","-0.40","4.49","11.2 %","9.17","3.57","2.57",".267","75.0 %","19.2 %","1.08","5224"
"Andrew Cashner","- - -","32","23","139.1","4.59","1.33","4.81","-0.22","5.09","9.3 %","6.33","3.42","1.85",".272","69.0 %","13.2 %","1.50","8782"
"Chad Green","Yankees","28","13","60.2","4.60","1.32","3.77","0.82","3.86","13.3 %","12.02","2.52","4.76",".351","73.2 %","14.7 %","0.85","15552"
"Scott Barlow","Royals","26","0","60.2","4.60","1.47","3.61","0.99","4.19","14.2 %","12.02","4.90","2.45",".342","73.0 %","10.5 %","0.96","14993"
"Trevor Bauer","- - -","28","31","191.2","4.60","1.30","4.36","0.24","4.39","12.0 %","10.71","3.66","2.92",".297","69.6 %","15.1 %","0.94","12703"
"Caleb Ferguson","Dodgers","22","1","39.0","4.62","1.46","4.96","-0.34","4.74","9.3 %","10.85","5.08","2.14",".299","75.1 %","17.1 %","1.06","19349"
"Joakim Soria","Athletics","35","1","64.0","4.64","1.09","3.75","0.90","3.88","13.0 %","10.27","2.67","3.84",".266","65.7 %","14.3 %","1.02","6941"
"Mike Leake","- - -","31","29","178.1","4.64","1.31","5.10","-0.46","4.69","7.8 %","5.80","1.21","4.79",".301","71.0 %","18.2 %","1.46","10130"
"Jake Arrieta","Phillies","33","24","135.2","4.64","1.47","4.89","-0.24","4.46","7.2 %","7.30","3.38","2.16",".316","73.8 %","19.4 %","2.00","4153"
"Robert Gsellman","Mets","25","0","63.2","4.66","1.37","4.13","0.54","4.67","11.0 %","8.48","3.25","2.61",".315","68.5 %","11.1 %","1.30","13696"
"Joe Musgrove","Pirates","26","28","154.1","4.67","1.24","4.08","0.59","4.49","11.5 %","7.93","2.04","3.89",".298","63.9 %","12.4 %","1.20","12970"
"Spencer Turnbull","Tigers","26","26","127.0","4.68","1.47","4.32","0.36","4.93","10.4 %","8.36","3.90","2.15",".325","68.9 %","10.5 %","1.45","16207"
"Merrill Kelly","Diamondbacks","30","29","163.1","4.68","1.35","4.72","-0.04","4.67","9.8 %","7.55","2.76","2.74",".295","72.4 %","15.6 %","1.17","11156"
"Ivan Nova","White Sox","32","29","167.0","4.69","1.44","5.04","-0.35","4.99","8.5 %","5.28","2.26","2.33",".315","72.3 %","15.7 %","1.51","1994"
"Collin McHugh","Astros","32","8","74.2","4.70","1.23","4.43","0.27","4.34","11.3 %","9.88","3.62","2.73",".263","69.1 %","16.0 %","1.01","7531"
"Blake Treinen","Athletics","31","0","57.1","4.71","1.57","5.10","-0.39","4.90","12.5 %","8.95","5.34","1.68",".301","76.5 %","17.0 %","1.32","12572"
"Danny Duffy","Royals","30","20","112.2","4.71","1.38","4.94","-0.23","5.17","10.5 %","7.83","3.28","2.39",".296","71.6 %","13.9 %","0.91","3542"
"Daniel Norris","Tigers","26","26","135.1","4.72","1.37","4.83","-0.11","4.71","9.9 %","7.71","2.53","3.05",".311","74.8 %","16.1 %","1.12","13475"
"Jefry Rodriguez","Indians","25","8","43.2","4.74","1.47","4.54","0.20","4.97","8.2 %","6.60","3.92","1.68",".299","68.4 %","11.9 %","1.62","17018"
"Pablo Lopez","Marlins","23","17","91.0","4.75","1.16","3.99","0.75","4.10","10.7 %","8.21","1.88","4.37",".294","66.9 %","14.5 %","1.47","17085"
"Martin Perez","Twins","28","25","147.2","4.75","1.46","4.64","0.12","4.67","10.0 %","7.37","3.72","1.98",".303","68.6 %","15.0 %","1.70","6902"
"German Marquez","Rockies","24","28","174.0","4.76","1.20","4.06","0.70","3.54","12.7 %","9.05","1.81","5.00",".304","68.1 %","20.1 %","1.69","15038"
"Mike Montgomery","- - -","29","10","77.1","4.77","1.56","5.12","-0.34","4.28","9.7 %","7.10","2.91","2.44",".353","75.0 %","23.7 %","2.02","4869"
"Joe Jimenez","Tigers","24","0","52.2","4.78","1.37","4.98","-0.20","4.36","14.4 %","12.30","3.93","3.13",".308","74.3 %","19.4 %","0.63","15761"
"Matt Strahm","Padres","27","16","107.0","4.79","1.25","4.56","0.23","4.39","10.8 %","9.08","1.85","4.91",".305","74.4 %","16.4 %","0.89","13799"
"Javy Guerra","- - -","33","0","60.0","4.80","1.27","4.38","0.42","5.28","8.6 %","7.35","2.40","3.06",".282","68.3 %","10.5 %","0.77","7407"
"Jose Alvarado","Rays","24","1","30.0","4.80","1.87","4.18","0.62","4.84","12.3 %","11.70","8.10","1.44",".346","71.4 %","8.7 %","1.61","17780"
"Jesse Chavez","Rangers","35","9","78.0","4.85","1.33","4.41","0.44","4.47","6.4 %","8.31","2.54","3.27",".310","66.2 %","14.8 %","1.21","5448"
"Daniel Mengden","Athletics","26","9","55.2","4.85","1.42","4.49","0.36","5.70","6.0 %","6.63","4.04","1.64",".279","69.4 %","8.2 %","0.86","16980"
"Jose Urena","Marlins","27","13","77.2","4.87","1.45","4.69","0.17","4.72","8.8 %","6.14","2.78","2.21",".317","69.3 %","15.1 %","1.75","11589"
"Homer Bailey","- - -","33","28","146.0","4.87","1.35","4.38","0.49","4.50","10.3 %","8.08","3.02","2.67",".300","70.5 %","14.4 %","1.35","8362"
"Jordan Yamamoto","Marlins","23","13","68.1","4.87","1.13","4.82","0.05","5.00","8.9 %","9.09","3.95","2.30",".216","63.1 %","14.1 %","0.81","17585"
"Yoshihisa Hirano","Diamondbacks","35","0","46.0","4.89","1.50","3.89","1.00","4.42","13.6 %","10.37","4.11","2.52",".341","67.7 %","11.1 %","1.27","19756"
"Derek Law","Blue Jays","28","4","53.1","4.89","1.61","5.05","-0.16","4.74","11.1 %","10.13","6.08","1.67",".300","74.2 %","18.2 %","1.68","13133"
"Matt Andriese","Diamondbacks","29","0","60.2","4.90","1.42","3.76","1.14","3.93","10.1 %","10.09","3.56","2.83",".331","70.3 %","13.7 %","1.63","12022"
"Juan Nicasio","Phillies","32","0","45.2","4.93","1.64","3.91","1.01","4.35","9.0 %","8.47","3.94","2.15",".362","70.0 %","11.1 %","1.83","7731"
"Lucas Sims","Reds","25","3","34.2","4.93","1.15","4.40","0.54","4.24","15.6 %","12.72","3.63","3.50",".271","71.4 %","16.3 %","0.40","13470"
"CC Sabathia","Yankees","38","20","100.1","4.93","1.40","5.96","-1.03","4.91","11.1 %","8.61","3.23","2.67",".282","78.9 %","22.0 %","0.95","404"
"Dario Agrazal","Pirates","24","11","58.1","4.94","1.42","6.21","-1.28","6.37","5.5 %","4.32","2.47","1.75",".284","77.1 %","14.5 %","0.94","15821"
"Tyler Mahle","Reds","24","21","113.0","4.94","1.28","4.37","0.56","3.90","9.3 %","9.08","2.23","4.07",".310","66.4 %","19.2 %","1.45","16358"
"Jakob Junis","Royals","26","29","167.2","4.94","1.38","4.68","0.26","4.58","10.0 %","8.32","2.84","2.92",".313","71.2 %","16.1 %","1.28","13619"
"Vince Velasquez","Phillies","27","20","103.2","4.95","1.39","5.43","-0.48","4.90","11.4 %","9.81","3.56","2.76",".295","78.4 %","18.6 %","0.74","11189"
"Brandon Brennan","Mariners","27","0","40.0","4.95","1.30","4.46","0.49","4.23","14.1 %","8.78","4.73","1.86",".248","64.4 %","17.9 %","2.18","13527"
"Kyle Crick","Pirates","26","0","49.0","4.96","1.55","5.95","-0.99","5.33","12.4 %","11.20","6.43","1.74",".274","76.8 %","20.0 %","1.04","13182"
"Tim Mayza","Blue Jays","27","0","50.2","4.97","1.40","4.69","0.28","4.06","14.4 %","9.77","4.62","2.12",".276","70.7 %","22.2 %","2.03","15042"
"Tommy Milone","Mariners","32","6","97.2","4.98","1.17","5.21","-0.23","4.72","10.1 %","7.83","1.84","4.25",".262","71.6 %","18.3 %","0.87","7608"
"Michael Wacha","Cardinals","27","20","112.0","4.98","1.55","5.79","-0.81","4.83","9.4 %","7.71","4.02","1.92",".306","78.0 %","22.9 %","1.47","14078"
"Mike Foltynewicz","Braves","27","18","99.0","5.00","1.34","5.28","-0.28","4.90","10.8 %","8.00","3.09","2.59",".279","70.1 %","17.8 %","0.90","10811"
"Josh Osich","White Sox","30","0","59.1","5.01","1.15","5.24","-0.23","4.32","12.9 %","7.89","2.12","3.71",".255","66.1 %","21.9 %","1.11","11528"
"Jeremy Jeffress","Brewers","31","0","52.0","5.02","1.37","3.96","1.06","4.40","9.5 %","7.96","2.94","2.71",".322","63.8 %","11.4 %","1.70","9490"
"Brendan McKay","Rays","23","9","39.1","5.03","1.37","4.33","0.70","4.07","11.7 %","10.98","2.75","4.00",".330","65.4 %","17.0 %","0.83","20186"
"Trey Wingenter","Padres","25","1","46.1","5.05","1.23","3.69","1.36","4.13","15.2 %","12.63","5.05","2.50",".268","64.2 %","11.6 %","0.81","17793"
"Paul Fry","Orioles","26","0","51.2","5.05","1.41","4.41","0.64","4.35","9.9 %","8.36","4.35","1.92",".299","62.5 %","16.1 %","2.77","15832"
"Dylan Bundy","Orioles","26","27","144.0","5.06","1.36","4.92","0.15","4.54","12.7 %","8.88","3.06","2.90",".299","70.0 %","17.9 %","1.12","12917"
"T.J. McFarland","Diamondbacks","30","0","53.1","5.06","1.65","4.49","0.57","4.26","10.1 %","5.91","3.21","1.84",".354","67.0 %","18.2 %","3.33","3237"
"Brett Martin","Rangers","24","2","55.0","5.07","1.44","3.61","1.46","3.64","13.0 %","8.51","2.29","3.71",".343","67.5 %","15.0 %","2.43","17369"
"Kevin McCarthy","Royals","27","0","49.2","5.07","1.61","4.10","0.97","4.76","9.9 %","5.26","3.44","1.53",".333","68.1 %","8.3 %","2.81","15240"
"Dereck Rodriguez","Giants","27","15","92.0","5.09","1.39","5.55","-0.46","5.19","8.4 %","6.07","3.23","1.88",".268","63.0 %","17.8 %","1.30","14509"
"J.A. Happ","Yankees","36","28","146.1","5.10","1.30","5.39","-0.28","4.84","10.0 %","7.63","2.77","2.76",".276","74.6 %","18.9 %","1.06","7410"
"Matt Albers","Brewers","36","0","56.1","5.11","1.35","4.33","0.78","4.50","9.4 %","8.63","4.47","1.93",".276","66.6 %","13.6 %","1.84","4300"
"Cal Quantrill","Padres","24","16","95.0","5.12","1.29","4.33","0.79","4.59","10.2 %","7.58","2.37","3.20",".294","65.8 %","13.5 %","1.24","19312"
"Nestor Cortes","Yankees","24","0","59.2","5.13","1.41","5.23","-0.10","4.99","10.7 %","9.35","3.62","2.58",".296","76.4 %","16.7 %","0.74","17874"
"Chris Devenski","Astros","28","1","61.0","5.16","1.38","4.67","0.49","4.73","13.4 %","10.03","2.95","3.40",".315","71.2 %","15.0 %","0.70","12763"
"Luke Bard","Angels","28","3","38.1","5.17","1.33","5.04","0.12","5.76","11.6 %","6.57","2.82","2.33",".289","68.7 %","11.3 %","0.75","14288"
"Reynaldo Lopez","White Sox","25","29","162.0","5.17","1.43","4.80","0.37","5.34","11.1 %","8.28","3.33","2.48",".309","68.1 %","12.3 %","0.76","16400"
"Matt Wisler","- - -","26","8","48.2","5.18","1.38","3.81","1.37","3.80","15.3 %","11.10","2.77","4.00",".344","66.3 %","15.4 %","0.92","12804"
"Jace Fry","White Sox","25","0","48.2","5.18","1.58","5.06","0.11","4.42","14.0 %","10.91","6.66","1.64",".288","68.4 %","23.3 %","2.27","16159"
"Chris Archer","Pirates","30","23","119.2","5.19","1.41","5.02","0.17","4.37","12.9 %","10.75","4.14","2.60",".298","72.5 %","20.2 %","0.92","6345"
"Carlos Rodon","White Sox","26","7","34.2","5.19","1.44","3.62","1.57","4.13","12.1 %","11.94","4.41","2.71",".322","63.9 %","11.4 %","1.14","16137"
"Jose Ruiz","White Sox","24","0","36.1","5.20","1.82","5.50","-0.30","6.04","10.4 %","7.93","5.45","1.45",".342","75.1 %","12.2 %","0.76","14552"
"Trevor Williams","Pirates","27","23","131.1","5.21","1.41","4.72","0.49","5.13","10.5 %","6.99","2.54","2.76",".312","67.5 %","12.8 %","0.96","16977"
"Shaun Anderson","Giants","24","16","89.2","5.22","1.54","4.90","0.32","4.94","9.0 %","6.32","3.41","1.85",".318","69.8 %","14.9 %","1.38","19453"
"Trent Thornton","Blue Jays","25","28","134.1","5.23","1.50","4.89","0.34","5.11","9.6 %","8.51","3.68","2.31",".317","71.5 %","13.9 %","0.77","17948"
"Elieser Hernandez","Marlins","24","13","72.1","5.23","1.30","5.90","-0.67","5.36","10.9 %","8.83","3.11","2.84",".266","74.6 %","18.4 %","0.72","16933"
"Jake Diekman","- - -","32","0","56.2","5.24","1.41","3.69","1.55","4.16","16.1 %","11.91","5.40","2.21",".314","64.9 %","9.1 %","2.06","5003"
"Yusei Kikuchi","Mariners","28","29","149.1","5.24","1.47","5.77","-0.52","5.11","8.7 %","6.63","2.89","2.29",".297","71.4 %","19.7 %","1.28","20633"
"Drew Pomeranz","- - -","30","18","94.1","5.25","1.53","5.02","0.23","4.29","10.3 %","11.16","4.20","2.66",".339","75.8 %","20.8 %","1.01","11426"
"Victor Alcantara","Tigers","26","0","39.0","5.31","1.46","5.83","-0.52","5.31","10.0 %","5.08","3.00","1.69",".290","70.5 %","19.0 %","1.67","15028"
"Clay Buchholz","Blue Jays","34","8","42.1","5.31","1.32","5.15","0.16","5.21","8.7 %","4.46","2.34","1.91",".286","64.9 %","14.9 %","1.36","3543"
"Tyler Beede","Giants","26","19","101.1","5.33","1.58","5.31","0.02","4.88","11.0 %","8.53","3.82","2.23",".323","73.7 %","18.3 %","1.26","16981"
"Lou Trivino","Athletics","27","0","59.0","5.34","1.53","4.54","0.80","5.29","12.6 %","8.54","4.58","1.87",".315","63.7 %","10.3 %","1.12","15043"
"Nick Vincent","- - -","32","1","33.2","5.35","1.49","5.59","-0.24","4.69","11.1 %","8.82","2.67","3.30",".323","77.1 %","21.6 %","1.08","7555"
"Drew VerHagen","Tigers","28","4","48.1","5.40","1.57","4.66","0.74","4.63","10.1 %","8.38","3.72","2.25",".353","69.4 %","15.6 %","1.64","13424"
"Ariel Jurado","Rangers","23","17","116.2","5.40","1.46","5.08","0.32","4.94","7.1 %","6.02","2.62","2.29",".309","61.6 %","16.4 %","1.46","17030"
"Pedro Strop","Cubs","34","0","35.0","5.40","1.34","4.84","0.56","4.58","13.7 %","9.51","4.37","2.18",".284","66.7 %","17.9 %","1.75","4070"
"Justin Anderson","Angels","26","0","41.2","5.40","1.51","4.49","0.91","4.62","12.0 %","12.10","6.05","2.00",".290","66.6 %","14.3 %","0.86","16201"
"Bryan Shaw","Rockies","31","0","68.0","5.43","1.34","4.98","0.45","4.72","10.7 %","7.28","3.44","2.12",".276","66.2 %","17.5 %","1.59","8110"
"Shawn Armstrong","- - -","28","0","49.2","5.44","1.55","4.52","0.91","5.26","12.6 %","9.97","4.53","2.20",".324","69.8 %","10.9 %","0.73","12857"
"Taylor Clarke","Diamondbacks","26","14","71.0","5.45","1.38","6.21","-0.76","5.64","9.5 %","6.85","2.92","2.35",".271","71.1 %","18.6 %","0.91","17611"
"Carlos Carrasco","Indians","32","12","69.0","5.48","1.36","4.48","1.00","3.41","14.6 %","11.09","1.43","7.73",".363","73.0 %","23.0 %","1.04","6632"
"Tyler Alexander","Tigers","24","5","34.1","5.50","1.46","3.77","1.74","4.19","9.1 %","8.39","1.31","6.40",".364","65.9 %","12.5 %","1.13","17735"
"Hector Velazquez","Red Sox","30","8","50.2","5.51","1.46","4.81","0.69","5.30","9.9 %","8.35","4.44","1.88",".307","62.5 %","12.1 %","0.95","19341"
"Robbie Erlin","Padres","28","1","50.2","5.51","1.62","3.43","2.08","4.07","10.1 %","8.53","2.31","3.69",".388","64.5 %","10.2 %","1.51","10354"
"Asher Wojciechowski","Orioles","30","13","67.0","5.51","1.30","5.72","-0.21","5.65","11.7 %","9.13","3.36","2.72",".258","74.0 %","15.7 %","0.57","10836"
"Nick Pivetta","Phillies","26","13","91.1","5.52","1.53","5.58","-0.06","4.63","10.1 %","8.38","3.74","2.24",".309","69.0 %","23.0 %","1.39","15454"
"Fernando Rodney","- - -","42","0","39.0","5.54","1.59","4.44","1.09","4.36","10.8 %","9.23","4.85","1.90",".343","67.3 %","16.1 %","1.81","494"
"Ryan Brasier","Red Sox","31","0","48.2","5.55","1.36","4.86","0.69","5.24","14.9 %","9.25","3.33","2.78",".291","63.8 %","13.2 %","0.62","5615"
"Chris Stratton","- - -","28","5","71.1","5.55","1.67","5.02","0.53","4.77","10.2 %","8.20","3.79","2.17",".353","71.4 %","17.1 %","1.20","13761"
"Wade LeBlanc","Mariners","34","8","119.1","5.58","1.43","5.51","0.07","5.06","9.7 %","6.79","2.19","3.10",".306","71.5 %","17.9 %","1.03","5221"
"Jhoulys Chacin","- - -","31","20","91.2","5.60","1.52","5.55","0.05","5.11","8.0 %","8.25","3.93","2.10",".302","70.7 %","18.3 %","1.00","2608"
"Derek Holland","- - -","32","7","80.1","5.60","1.46","5.94","-0.34","5.05","11.3 %","8.96","4.48","2.00",".274","71.0 %","21.6 %","1.05","4141"
"Touki Toussaint","Braves","23","1","41.2","5.62","1.68","4.99","0.63","5.63","11.9 %","9.72","5.62","1.73",".339","70.0 %","10.9 %","1.13","16929"
"Framber Valdez","Astros","25","8","65.2","5.62","1.61","5.06","0.56","4.25","10.7 %","8.77","5.48","1.60",".308","66.7 %","28.1 %","3.75","17295"
"Jerad Eickhoff","Phillies","28","10","58.1","5.71","1.30","6.51","-0.80","5.16","10.9 %","7.87","2.78","2.83",".256","77.7 %","23.1 %","0.77","12664"
"Freddy Peralta","Brewers","23","8","78.2","5.72","1.54","4.52","1.20","4.37","12.4 %","11.78","4.12","2.86",".345","66.7 %","16.3 %","0.73","18679"
"Nathan Eovaldi","Red Sox","29","8","48.1","5.77","1.51","5.49","0.28","4.82","9.1 %","9.12","4.47","2.04",".307","70.5 %","20.4 %","1.27","9132"
"Edwin Diaz","Mets","25","0","53.0","5.77","1.42","4.57","1.20","3.05","17.8 %","15.45","3.40","4.55",".390","75.8 %","27.5 %","0.82","14710"
"Tayron Guerrero","Marlins","28","0","42.0","5.79","1.64","6.29","-0.50","6.44","13.5 %","8.79","7.29","1.21",".257","70.6 %","14.3 %","1.02","11691"
"Gabriel Ynoa","Orioles","26","10","96.1","5.79","1.37","5.99","-0.19","5.29","9.0 %","5.61","2.15","2.61",".274","63.8 %","19.5 %","1.29","12938"
"Adrian Sampson","Rangers","27","15","118.0","5.80","1.54","5.67","0.12","5.33","9.4 %","7.25","2.59","2.79",".331","72.5 %","17.3 %","1.02","13339"
"Wily Peralta","Royals","30","0","40.1","5.80","1.59","5.84","-0.04","5.76","8.5 %","5.36","4.24","1.26",".306","67.6 %","15.9 %","1.34","7738"
"Corey Kluber","Indians","33","7","35.2","5.80","1.65","4.06","1.75","4.89","12.3 %","9.59","3.79","2.53",".370","63.8 %","9.8 %","1.07","2429"
"Alex Wood","Reds","28","7","35.2","5.80","1.40","6.38","-0.58","4.44","10.8 %","7.57","2.27","3.33",".294","73.0 %","29.7 %","1.14","13781"
"Dominic Leone","Cardinals","27","0","35.2","5.80","1.46","5.18","0.63","4.55","13.9 %","10.35","4.04","2.56",".304","63.7 %","19.5 %","0.88","13763"
"Gregory Soto","Tigers","24","7","51.0","5.82","1.80","5.39","0.43","5.65","8.0 %","6.53","4.76","1.37",".333","70.5 %","13.6 %","1.46","19677"
"Rick Porcello","Red Sox","30","29","157.1","5.83","1.45","5.04","0.79","5.41","7.8 %","7.04","2.52","2.80",".307","64.7 %","13.3 %","0.87","2717"
"Kevin Gausman","- - -","28","16","94.0","5.84","1.44","4.03","1.81","4.13","14.7 %","10.05","2.87","3.50",".345","61.5 %","14.6 %","1.07","14107"
"Brad Brach","- - -","33","0","49.0","5.88","1.65","3.62","2.26","4.57","12.3 %","10.29","5.51","1.87",".372","64.3 %","7.0 %","1.23","6627"
"Aaron Sanchez","- - -","26","27","131.1","5.89","1.62","5.25","0.65","5.15","8.9 %","7.88","4.66","1.69",".320","67.4 %","16.1 %","1.55","11490"
"Clay Holmes","Pirates","26","0","42.1","5.95","1.72","4.84","1.11","4.93","10.0 %","10.63","7.02","1.52",".313","64.0 %","14.3 %","2.46","13649"
"Clayton Richard","Blue Jays","35","10","45.1","5.96","1.57","6.28","-0.32","5.32","6.2 %","4.37","3.57","1.22",".297","67.3 %","24.3 %","2.35","3551"
"Glenn Sparkman","Royals","27","19","117.2","5.97","1.50","6.06","-0.10","5.82","7.6 %","5.20","2.60","2.00",".296","69.4 %","16.7 %","0.94","15200"
"Zack Godley","- - -","29","9","92.0","5.97","1.50","5.20","0.76","5.43","10.1 %","6.85","4.11","1.67",".297","65.6 %","13.7 %","1.21","14862"
"Wandy Peralta","- - -","27","0","34.1","6.03","1.51","6.91","-0.88","5.04","14.6 %","7.08","3.93","1.80",".273","77.5 %","30.3 %","1.52","14295"
"Chad Bettis","Rockies","30","3","63.2","6.08","1.55","5.16","0.92","4.50","9.4 %","5.94","2.97","2.00",".325","63.3 %","22.7 %","3.00","10587"
"Tyson Ross","Tigers","32","7","35.1","6.11","1.67","5.99","0.13","5.16","7.1 %","6.37","4.58","1.39",".306","63.8 %","22.6 %","1.94","7872"
"Jaime Barria","Angels","22","10","70.1","6.14","1.42","5.69","0.45","5.11","9.9 %","8.45","2.94","2.87",".294","67.3 %","18.6 %","0.77","18356"
"Joe Ross","Nationals","26","7","54.0","6.17","1.74","4.83","1.34","5.41","10.0 %","7.50","4.83","1.55",".349","65.9 %","10.9 %","1.42","12972"
"Jeurys Familia","Mets","29","0","51.0","6.18","1.80","5.10","1.08","5.21","10.5 %","10.06","7.24","1.39",".346","68.1 %","14.3 %","1.57","5114"
"Drew Smyly","- - -","30","18","101.2","6.20","1.60","6.44","-0.24","5.36","10.5 %","9.21","4.51","2.04",".302","74.0 %","21.6 %","0.74","11760"
"Aaron Brooks","- - -","29","17","95.2","6.21","1.45","5.68","0.53","5.28","8.6 %","7.24","2.73","2.66",".306","66.9 %","17.8 %","1.14","12272"
"Jeremy Hellickson","Nationals","32","8","39.0","6.23","1.72","6.29","-0.06","6.00","6.1 %","6.92","4.62","1.50",".309","66.8 %","17.0 %","0.96","4371"
"Jorge Lopez","Royals","26","14","104.0","6.23","1.46","5.21","1.02","4.50","9.3 %","8.65","3.29","2.63",".316","62.5 %","21.0 %","1.46","14527"
"Jordan Zimmermann","Tigers","33","20","99.0","6.27","1.43","4.76","1.51","4.99","8.3 %","6.45","2.09","3.09",".321","62.1 %","13.8 %","1.15","4505"
"Trevor Cahill","Angels","31","11","94.2","6.27","1.47","6.24","0.04","5.13","9.7 %","6.94","3.33","2.09",".283","67.9 %","23.1 %","1.37","6249"
"Richard Bleier","Orioles","32","0","43.0","6.28","1.49","4.35","1.93","4.32","8.3 %","4.81","1.47","3.29",".335","60.0 %","15.6 %","2.91","7803"
"Jonathan Holder","Yankees","26","1","41.1","6.31","1.31","4.45","1.87","4.44","11.8 %","10.02","2.40","4.18",".307","53.6 %","15.4 %","0.88","16588"
"Thomas Pannone","Blue Jays","25","6","66.2","6.35","1.38","5.30","1.05","5.51","10.0 %","8.51","3.78","2.25",".274","61.7 %","14.1 %","0.70","17281"
"Matt Grace","Nationals","30","1","46.2","6.36","1.52","5.55","0.81","4.36","8.5 %","6.75","1.93","3.50",".338","67.7 %","25.0 %","1.73","11449"
"Brian Johnson","Red Sox","28","7","33.2","6.42","1.90","5.47","0.94","6.11","8.1 %","6.68","4.28","1.56",".368","68.4 %","12.0 %","1.00","14272"
"Nick Margevicius","Padres","23","12","56.0","6.43","1.55","5.61","0.82","4.88","9.7 %","6.59","2.73","2.41",".319","64.2 %","20.7 %","1.43","20395"
"Jose Suarez","Angels","21","13","68.1","6.45","1.62","6.52","-0.07","5.44","10.8 %","7.90","3.56","2.22",".323","71.9 %","21.8 %","0.92","19911"
"Edgar Garcia","Phillies","22","0","32.0","6.47","1.72","7.12","-0.65","5.67","11.5 %","9.56","5.91","1.62",".304","78.1 %","23.8 %","0.74","19276"
"Tom Eshelman","Orioles","25","4","36.0","6.50","1.61","7.33","-0.83","5.92","6.7 %","5.50","2.75","2.00",".297","66.4 %","22.6 %","0.77","18361"
"Erik Swanson","Mariners","25","8","51.0","6.53","1.29","6.45","0.08","4.73","9.4 %","8.12","1.94","4.18",".260","60.2 %","25.4 %","0.90","16587"
"Dylan Cease","White Sox","23","12","62.0","6.53","1.61","5.50","1.03","4.59","10.7 %","9.87","4.35","2.27",".335","64.3 %","22.2 %","1.30","18525"
"Taylor Cole","Angels","29","6","45.1","6.55","1.65","3.39","3.16","4.09","12.4 %","8.93","4.37","2.05",".378","58.0 %","6.9 %","2.28","11964"
"Phil Maton","- - -","26","0","33.2","6.68","1.46","5.35","1.33","4.54","11.2 %","7.75","2.94","2.64",".298","58.3 %","21.9 %","1.53","18064"
"Adam Conley","Marlins","29","0","55.2","6.79","1.72","5.15","1.64","5.29","10.4 %","8.08","3.88","2.08",".363","66.7 %","14.5 %","0.94","14457"
"Ross Detwiler","White Sox","33","9","54.1","6.79","1.67","6.95","-0.16","5.21","6.8 %","6.63","3.64","1.82",".312","69.8 %","28.1 %","1.79","2859"
"Kelvin Herrera","White Sox","29","0","43.2","6.80","1.83","4.75","2.05","5.20","10.8 %","8.24","4.53","1.82",".371","64.7 %","12.2 %","1.12","6033"
"Jimmy Yacabonis","Orioles","27","4","41.0","6.80","1.83","6.36","0.44","6.27","8.8 %","7.24","5.27","1.38",".336","69.9 %","15.8 %","0.84","15157"
"Peter Lambert","Rockies","22","17","81.1","6.86","1.72","5.93","0.93","5.15","6.7 %","5.98","3.54","1.69",".333","66.6 %","21.5 %","1.70","17969"
"Felix Hernandez","Mariners","33","12","54.1","6.96","1.56","6.16","0.80","5.15","8.9 %","7.79","2.98","2.61",".323","58.8 %","21.9 %","1.28","4772"
"Wei-Yin Chen","Marlins","33","0","62.0","6.97","1.53","5.44","1.53","4.98","9.4 %","7.98","2.47","3.24",".342","63.4 %","18.2 %","0.95","13071"
"Kyle Freeland","Rockies","26","20","99.1","6.98","1.59","6.12","0.85","5.04","9.6 %","7.07","3.44","2.05",".306","60.8 %","22.9 %","1.42","16256"
"Wade Davis","Rockies","33","0","42.1","7.02","1.72","5.29","1.72","5.49","11.2 %","8.93","5.53","1.62",".331","62.3 %","14.0 %","1.02","7441"
"Jeff Hoffman","Rockies","26","11","51.0","7.06","1.65","6.27","0.79","5.03","10.0 %","9.53","3.71","2.57",".340","70.8 %","22.7 %","0.80","17432"
"Branden Kline","Orioles","27","0","34.1","7.08","1.54","6.04","1.04","4.78","10.3 %","8.13","3.41","2.38",".307","62.8 %","24.3 %","1.08","14101"
"Matt Harvey","Angels","30","12","59.2","7.09","1.54","6.35","0.74","5.45","9.1 %","5.88","4.37","1.34",".275","61.2 %","22.4 %","1.43","11713"
"Cole Irvin","Phillies","25","3","32.2","7.16","1.56","5.69","1.47","5.47","10.0 %","7.16","3.03","2.36",".327","61.1 %","16.7 %","0.81","19244"
"Antonio Senzatela","Rockies","24","21","102.2","7.19","1.79","5.52","1.67","5.27","6.5 %","5.00","4.30","1.16",".334","59.6 %","17.6 %","2.32","15488"
"Nick Kingham","- - -","27","4","55.2","7.28","1.85","5.48","1.80","5.34","8.5 %","7.44","4.04","1.84",".379","66.2 %","16.2 %","1.10","11694"
"Chi Chi Gonzalez","Rockies","27","9","42.0","7.29","1.69","6.76","0.52","6.06","6.8 %","4.93","5.36","0.92",".272","64.0 %","20.5 %","1.45","14663"
"David Hess","Orioles","25","14","77.0","7.36","1.58","7.36","0.01","5.65","8.6 %","7.71","3.27","2.36",".287","60.9 %","23.9 %","0.70","16130"
"Manny Banuelos","White Sox","28","8","46.2","7.52","1.93","6.88","0.64","6.05","9.4 %","8.10","6.17","1.31",".346","70.1 %","20.3 %","0.81","5365"
"Dylan Covey","White Sox","27","11","55.0","7.69","1.69","6.16","1.53","5.60","7.4 %","6.38","4.09","1.56",".308","59.3 %","19.0 %","1.21","14825"
"David Hernandez","Reds","34","0","42.2","8.02","1.71","4.34","3.68","4.54","14.9 %","11.18","4.22","2.65",".393","54.5 %","14.0 %","0.68","4259"
"Mitch Keller","Pirates","23","8","33.0","8.18","1.88","3.70","4.48","3.90","12.3 %","12.00","3.27","3.67",".469","53.6 %","13.9 %","0.97","17594"
"Shelby Miller","Rangers","28","8","44.0","8.59","1.98","6.40","2.19","6.79","7.5 %","6.14","5.93","1.03",".333","55.8 %","13.1 %","1.07","10197"
"Corbin Burnes","Brewers","24","4","46.0","9.00","1.87","6.13","2.87","3.38","17.5 %","13.11","3.91","3.35",".417","56.6 %","39.0 %","1.44","19361"
"Edwin Jackson","- - -","35","11","57.0","9.16","1.98","7.32","1.84","5.83","9.7 %","6.63","4.11","1.62",".361","53.5 %","24.0 %","1.20","1841"
"Ryan Carpenter","Tigers","28","9","40.2","9.30","1.82","6.93","2.37","6.13","7.3 %","5.53","2.88","1.92",".338","50.7 %","19.4 %","0.89","12699"
"Dan Straily","Orioles","30","8","47.2","9.82","1.99","9.34","0.48","7.14","7.8 %","6.23","4.15","1.50",".325","66.5 %","24.2 %","0.55","9460"
